{
  "type": "FeatureCollection",
  "features": [
    {
      "type": "Feature",
      "properties": {
        "route": "Shin Nihonkai Ferry: 舞鶴港 → 小樽港",
        "role": "origin",
        "address": "舞鶴港 京都府舞鶴市",
        "port_en": "Maizuru",
        "operator": "Shin Nihonkai Ferry",
        "region": "Sea of Japan",
        "distance_category": "Long",
        "intermediate_stops": "",
        "notes": "Daily overnight"
      },
      "geometry": null
    },
    {
      "type": "Feature",
      "properties": {
        "route": "Shin Nihonkai Ferry: 舞鶴港 → 小樽港",
        "role": "destination",
        "address": "小樽港 北海道小樽市",
        "port_en": "Otaru",
        "operator": "Shin Nihonkai Ferry",
        "region": "Sea of Japan",
        "distance_category": "Long",
        "intermediate_stops": "",
        "notes": "Daily overnight"
      },
      "geometry": null
    },
    {
      "type": "Feature",
      "properties": {
        "route": "Shin Nihonkai Ferry: 敦賀港 → 苫小牧東港",
        "role": "origin",
        "address": "敦賀港 福井県敦賀市",
        "port_en": "Tsuruga",
        "operator": "Shin Nihonkai Ferry",
        "region": "Sea of Japan",
        "distance_category": "Long",
        "intermediate_stops": "Niigata, Akita (some sailings)",
        "notes": ""
      },
      "geometry": null
    },
    {
      "type": "Feature",
      "properties": {
        "route": "Shin Nihonkai Ferry: 敦賀港 → 苫小牧東港",
        "role": "destination",
        "address": "苫小牧東港 北海道苫小牧市",
        "port_en": "Tomakomai East",
        "operator": "Shin Nihonkai Ferry",
        "region": "Sea of Japan",
        "distance_category": "Long",
        "intermediate_stops": "Niigata, Akita (some sailings)",
        "notes": ""
      },
      "geometry": null
    },
    {
      "type": "Feature",
      "properties": {
        "route": "Shin Nihonkai Ferry: 新潟港 → 小樽港",
        "role": "origin",
        "address": "新潟港 新潟県新潟市中央区",
        "port_en": "Niigata",
        "operator": "Shin Nihonkai Ferry",
        "region": "Sea of Japan",
        "distance_category": "Long",
        "intermediate_stops": "",
        "notes": ""
      },
      "geometry": null
    },
    {
      "type": "Feature",
      "properties": {
        "route": "Shin Nihonkai Ferry: 新潟港 → 小樽港",
        "role": "destination",
        "address": "小樽港 北海道小樽市",
        "port_en": "Otaru",
        "operator": "Shin Nihonkai Ferry",
        "region": "Sea of Japan",
        "distance_category": "Long",
        "intermediate_stops": "",
        "notes": ""
      },
      "geometry": null
    },
    {
      "type": "Feature",
      "properties": {
        "route": "Shin Nihonkai Ferry: 新潟港 → 苫小牧東港",
        "role": "origin",
        "address": "新潟港 新潟県新潟市中央区",
        "port_en": "Niigata",
        "operator": "Shin Nihonkai Ferry",
        "region": "Sea of Japan",
        "distance_category": "Long",
        "intermediate_stops": "Akita",
        "notes": ""
      },
      "geometry": null
    },
    {
      "type": "Feature",
      "properties": {
        "route": "Shin Nihonkai Ferry: 新潟港 → 苫小牧東港",
        "role": "destination",
        "address": "苫小牧東港 北海道苫小牧市",
        "port_en": "Tomakomai East",
        "operator": "Shin Nihonkai Ferry",
        "region": "Sea of Japan",
        "distance_category": "Long",
        "intermediate_stops": "Akita",
        "notes": ""
      },
      "geometry": null
    },
    {
      "type": "Feature",
      "properties": {
        "route": "Taiheiyo Ferry: 名古屋港フェリーふ頭 → 苫小牧港",
        "role": "origin",
        "address": "名古屋港フェリーふ頭 愛知県名古屋市港区",
        "port_en": "Nagoya",
        "operator": "Taiheiyo Ferry",
        "region": "Pacific",
        "distance_category": "Long",
        "intermediate_stops": "Sendai",
        "notes": "Pacific Ferry"
      },
      "geometry": null
    },
    {
      "type": "Feature",
      "properties": {
        "route": "Taiheiyo Ferry: 名古屋港フェリーふ頭 → 苫小牧港",
        "role": "destination",
        "address": "苫小牧港 北海道苫小牧市",
        "port_en": "Tomakomai",
        "operator": "Taiheiyo Ferry",
        "region": "Pacific",
        "distance_category": "Long",
        "intermediate_stops": "Sendai",
        "notes": "Pacific Ferry"
      },
      "geometry": null
    },
    {
      "type": "Feature",
      "properties": {
        "route": "MOL Sunflower: 大洗港 → 苫小牧港",
        "role": "origin",
        "address": "大洗港 茨城県東茨城郡大洗町",
        "port_en": "Oarai",
        "operator": "MOL Sunflower",
        "region": "Pacific",
        "distance_category": "Long",
        "intermediate_stops": "",
        "notes": "Sunflower Sapporo / Furano"
      },
      "geometry": null
    },
    {
      "type": "Feature",
      "properties": {
        "route": "MOL Sunflower: 大洗港 → 苫小牧港",
        "role": "destination",
        "address": "苫小牧港 北海道苫小牧市",
        "port_en": "Tomakomai",
        "operator": "MOL Sunflower",
        "region": "Pacific",
        "distance_category": "Long",
        "intermediate_stops": "",
        "notes": "Sunflower Sapporo / Furano"
      },
      "geometry": null
    },
    {
      "type": "Feature",
      "properties": {
        "route": "MOL Sunflower: 大阪南港フェリーターミナル → 別府国際観光港",
        "role": "origin",
        "address": "大阪南港フェリーターミナル 大阪府大阪市住之江区",
        "port_en": "Osaka (Nanko)",
        "operator": "MOL Sunflower",
        "region": "Kansai-Kyushu",
        "distance_category": "Long",
        "intermediate_stops": "",
        "notes": "Sunflower Cobalt / Ivory"
      },
      "geometry": null
    },
    {
      "type": "Feature",
      "properties": {
        "route": "MOL Sunflower: 大阪南港フェリーターミナル → 別府国際観光港",
        "role": "destination",
        "address": "別府国際観光港 大分県別府市",
        "port_en": "Beppu",
        "operator": "MOL Sunflower",
        "region": "Kansai-Kyushu",
        "distance_category": "Long",
        "intermediate_stops": "",
        "notes": "Sunflower Cobalt / Ivory"
      },
      "geometry": null
    },
    {
      "type": "Feature",
      "properties": {
        "route": "MOL Sunflower: 神戸三宮フェリーターミナル → 大分港西大分",
        "role": "origin",
        "address": "神戸三宮フェリーターミナル 兵庫県神戸市中央区",
        "port_en": "Kobe (Sannomiya)",
        "operator": "MOL Sunflower",
        "region": "Kansai-Kyushu",
        "distance_category": "Long",
        "intermediate_stops": "",
        "notes": "Sunflower Pearl / Murasaki"
      },
      "geometry": null
    },
    {
      "type": "Feature",
      "properties": {
        "route": "MOL Sunflower: 神戸三宮フェリーターミナル → 大分港西大分",
        "role": "destination",
        "address": "大分港西大分 大分県大分市",
        "port_en": "Oita",
        "operator": "MOL Sunflower",
        "region": "Kansai-Kyushu",
        "distance_category": "Long",
        "intermediate_stops": "",
        "notes": "Sunflower Pearl / Murasaki"
      },
      "geometry": null
    },
    {
      "type": "Feature",
      "properties": {
        "route": "MOL Sunflower: 大阪南港フェリーターミナル → 志布志港",
        "role": "origin",
        "address": "大阪南港フェリーターミナル 大阪府大阪市住之江区",
        "port_en": "Osaka (Nanko)",
        "operator": "MOL Sunflower",
        "region": "Kansai-Kyushu",
        "distance_category": "Long",
        "intermediate_stops": "",
        "notes": "Sunflower Kirishima / Satsuma"
      },
      "geometry": null
    },
    {
      "type": "Feature",
      "properties": {
        "route": "MOL Sunflower: 大阪南港フェリーターミナル → 志布志港",
        "role": "destination",
        "address": "志布志港 鹿児島県志布志市",
        "port_en": "Shibushi",
        "operator": "MOL Sunflower",
        "region": "Kansai-Kyushu",
        "distance_category": "Long",
        "intermediate_stops": "",
        "notes": "Sunflower Kirishima / Satsuma"
      },
      "geometry": null
    },
    {
      "type": "Feature",
      "properties": {
        "route": "Tokyo Kyushu Ferry: 横須賀新港 → 新門司港",
        "role": "origin",
        "address": "横須賀新港 神奈川県横須賀市新港町",
        "port_en": "Yokosuka (Shinminato)",
        "operator": "Tokyo Kyushu Ferry",
        "region": "Pacific",
        "distance_category": "Long",
        "intermediate_stops": "",
        "notes": "Opened Jul 2021"
      },
      "geometry": null
    },
    {
      "type": "Feature",
      "properties": {
        "route": "Tokyo Kyushu Ferry: 横須賀新港 → 新門司港",
        "role": "destination",
        "address": "新門司港 福岡県北九州市門司区",
        "port_en": "Shin-Moji",
        "operator": "Tokyo Kyushu Ferry",
        "region": "Pacific",
        "distance_category": "Long",
        "intermediate_stops": "",
        "notes": "Opened Jul 2021"
      },
      "geometry": null
    },
    {
      "type": "Feature",
      "properties": {
        "route": "Meimon Taiyo Ferry: 大阪南港フェリーターミナル → 新門司港",
        "role": "origin",
        "address": "大阪南港フェリーターミナル 大阪府大阪市住之江区",
        "port_en": "Osaka (Nanko)",
        "operator": "Meimon Taiyo Ferry",
        "region": "Kansai-Kyushu",
        "distance_category": "Long",
        "intermediate_stops": "",
        "notes": "Daily overnight"
      },
      "geometry": null
    },
    {
      "type": "Feature",
      "properties": {
        "route": "Meimon Taiyo Ferry: 大阪南港フェリーターミナル → 新門司港",
        "role": "destination",
        "address": "新門司港 福岡県北九州市門司区",
        "port_en": "Shin-Moji",
        "operator": "Meimon Taiyo Ferry",
        "region": "Kansai-Kyushu",
        "distance_category": "Long",
        "intermediate_stops": "",
        "notes": "Daily overnight"
      },
      "geometry": null
    },
    {
      "type": "Feature",
      "properties": {
        "route": "Hankyu Ferry: 泉大津港 → 新門司港",
        "role": "origin",
        "address": "泉大津港 大阪府泉大津市",
        "port_en": "Izumiotsu",
        "operator": "Hankyu Ferry",
        "region": "Kansai-Kyushu",
        "distance_category": "Long",
        "intermediate_stops": "",
        "notes": ""
      },
      "geometry": null
    },
    {
      "type": "Feature",
      "properties": {
        "route": "Hankyu Ferry: 泉大津港 → 新門司港",
        "role": "destination",
        "address": "新門司港 福岡県北九州市門司区",
        "port_en": "Shin-Moji",
        "operator": "Hankyu Ferry",
        "region": "Kansai-Kyushu",
        "distance_category": "Long",
        "intermediate_stops": "",
        "notes": ""
      },
      "geometry": null
    },
    {
      "type": "Feature",
      "properties": {
        "route": "Hankyu Ferry: 六甲アイランドフェリーターミナル → 新門司港",
        "role": "origin",
        "address": "六甲アイランドフェリーターミナル 兵庫県神戸市東灘区",
        "port_en": "Kobe (Rokko Island)",
        "operator": "Hankyu Ferry",
        "region": "Kansai-Kyushu",
        "distance_category": "Long",
        "intermediate_stops": "",
        "notes": ""
      },
      "geometry": null
    },
    {
      "type": "Feature",
      "properties": {
        "route": "Hankyu Ferry: 六甲アイランドフェリーターミナル → 新門司港",
        "role": "destination",
        "address": "新門司港 福岡県北九州市門司区",
        "port_en": "Shin-Moji",
        "operator": "Hankyu Ferry",
        "region": "Kansai-Kyushu",
        "distance_category": "Long",
        "intermediate_stops": "",
        "notes": ""
      },
      "geometry": null
    },
    {
      "type": "Feature",
      "properties": {
        "route": "Ocean Tokyu Ferry: 東京国際クルーズターミナル → 新門司港",
        "role": "origin",
        "address": "東京国際クルーズターミナル 東京都江東区青海",
        "port_en": "Tokyo (Ariake)",
        "operator": "Ocean Tokyu Ferry",
        "region": "Pacific",
        "distance_category": "Long",
        "intermediate_stops": "Tokushima",
        "notes": "Tokyo–Tokushima–Kitakyushu"
      },
      "geometry": null
    },
    {
      "type": "Feature",
      "properties": {
        "route": "Ocean Tokyu Ferry: 東京国際クルーズターミナル → 新門司港",
        "role": "destination",
        "address": "新門司港 福岡県北九州市門司区",
        "port_en": "Shin-Moji",
        "operator": "Ocean Tokyu Ferry",
        "region": "Pacific",
        "distance_category": "Long",
        "intermediate_stops": "Tokushima",
        "notes": "Tokyo–Tokushima–Kitakyushu"
      },
      "geometry": null
    },
    {
      "type": "Feature",
      "properties": {
        "route": "Miyazaki Car Ferry: 神戸三宮フェリーターミナル → 宮崎港",
        "role": "origin",
        "address": "神戸三宮フェリーターミナル 兵庫県神戸市中央区",
        "port_en": "Kobe (Sannomiya)",
        "operator": "Miyazaki Car Ferry",
        "region": "Kansai-Kyushu",
        "distance_category": "Long",
        "intermediate_stops": "",
        "notes": ""
      },
      "geometry": null
    },
    {
      "type": "Feature",
      "properties": {
        "route": "Miyazaki Car Ferry: 神戸三宮フェリーターミナル → 宮崎港",
        "role": "destination",
        "address": "宮崎港 宮崎県宮崎市",
        "port_en": "Miyazaki",
        "operator": "Miyazaki Car Ferry",
        "region": "Kansai-Kyushu",
        "distance_category": "Long",
        "intermediate_stops": "",
        "notes": ""
      },
      "geometry": null
    },
    {
      "type": "Feature",
      "properties": {
        "route": "Marix Line: 鹿児島新港 → 那覇新港",
        "role": "origin",
        "address": "鹿児島新港 鹿児島県鹿児島市",
        "port_en": "Kagoshima (New Port)",
        "operator": "Marix Line",
        "region": "Kagoshima-Okinawa",
        "distance_category": "Long",
        "intermediate_stops": "Amami(Naze), Tokunoshima(Kametoku), Okinoerabu(Wadomari), Yoron, Motobu",
        "notes": ""
      },
      "geometry": null
    },
    {
      "type": "Feature",
      "properties": {
        "route": "Marix Line: 鹿児島新港 → 那覇新港",
        "role": "destination",
        "address": "那覇新港 沖縄県那覇市",
        "port_en": "Naha (Shinko)",
        "operator": "Marix Line",
        "region": "Kagoshima-Okinawa",
        "distance_category": "Long",
        "intermediate_stops": "Amami(Naze), Tokunoshima(Kametoku), Okinoerabu(Wadomari), Yoron, Motobu",
        "notes": ""
      },
      "geometry": null
    },
    {
      "type": "Feature",
      "properties": {
        "route": "A-Line (Maruei Ferry): 鹿児島新港 → 那覇新港",
        "role": "origin",
        "address": "鹿児島新港 鹿児島県鹿児島市",
        "port_en": "Kagoshima (New Port)",
        "operator": "A-Line (Maruei Ferry)",
        "region": "Kagoshima-Okinawa",
        "distance_category": "Long",
        "intermediate_stops": "Naze, Kametoku, Wadomari, Yoron, Motobu",
        "notes": ""
      },
      "geometry": null
    },
    {
      "type": "Feature",
      "properties": {
        "route": "A-Line (Maruei Ferry): 鹿児島新港 → 那覇新港",
        "role": "destination",
        "address": "那覇新港 沖縄県那覇市",
        "port_en": "Naha (Shinko)",
        "operator": "A-Line (Maruei Ferry)",
        "region": "Kagoshima-Okinawa",
        "distance_category": "Long",
        "intermediate_stops": "Naze, Kametoku, Wadomari, Yoron, Motobu",
        "notes": ""
      },
      "geometry": null
    },
    {
      "type": "Feature",
      "properties": {
        "route": "A-Line (Maruei Ferry): 鹿児島新港 → 名瀬港",
        "role": "origin",
        "address": "鹿児島新港 鹿児島県鹿児島市",
        "port_en": "Kagoshima (New Port)",
        "operator": "A-Line (Maruei Ferry)",
        "region": "Kagoshima-Amami",
        "distance_category": "Medium",
        "intermediate_stops": "Kikai (Wan)",
        "notes": "Ferry Amami / Naminoue"
      },
      "geometry": null
    },
    {
      "type": "Feature",
      "properties": {
        "route": "A-Line (Maruei Ferry): 鹿児島新港 → 名瀬港",
        "role": "destination",
        "address": "名瀬港 鹿児島県奄美市(奄美大島)",
        "port_en": "Amami (Naze)",
        "operator": "A-Line (Maruei Ferry)",
        "region": "Kagoshima-Amami",
        "distance_category": "Medium",
        "intermediate_stops": "Kikai (Wan)",
        "notes": "Ferry Amami / Naminoue"
      },
      "geometry": null
    },
    {
      "type": "Feature",
      "properties": {
        "route": "Silver Ferry: 八戸港 → 苫小牧港",
        "role": "origin",
        "address": "八戸港 青森県八戸市",
        "port_en": "Hachinohe",
        "operator": "Silver Ferry",
        "region": "Hokkaido-Tohoku",
        "distance_category": "Medium",
        "intermediate_stops": "",
        "notes": ""
      },
      "geometry": null
    },
    {
      "type": "Feature",
      "properties": {
        "route": "Silver Ferry: 八戸港 → 苫小牧港",
        "role": "destination",
        "address": "苫小牧港 北海道苫小牧市",
        "port_en": "Tomakomai",
        "operator": "Silver Ferry",
        "region": "Hokkaido-Tohoku",
        "distance_category": "Medium",
        "intermediate_stops": "",
        "notes": ""
      },
      "geometry": null
    },
    {
      "type": "Feature",
      "properties": {
        "route": "Tsugaru Kaikyo Ferry: 函館港 → 青森港",
        "role": "origin",
        "address": "函館港 北海道函館市",
        "port_en": "Hakodate",
        "operator": "Tsugaru Kaikyo Ferry",
        "region": "Tsugaru Strait",
        "distance_category": "Medium",
        "intermediate_stops": "",
        "notes": ""
      },
      "geometry": null
    },
    {
      "type": "Feature",
      "properties": {
        "route": "Tsugaru Kaikyo Ferry: 函館港 → 青森港",
        "role": "destination",
        "address": "青森港 青森県青森市",
        "port_en": "Aomori",
        "operator": "Tsugaru Kaikyo Ferry",
        "region": "Tsugaru Strait",
        "distance_category": "Medium",
        "intermediate_stops": "",
        "notes": ""
      },
      "geometry": null
    },
    {
      "type": "Feature",
      "properties": {
        "route": "Tsugaru Kaikyo Ferry: 函館港 → 大間港",
        "role": "origin",
        "address": "函館港 北海道函館市",
        "port_en": "Hakodate",
        "operator": "Tsugaru Kaikyo Ferry",
        "region": "Tsugaru Strait",
        "distance_category": "Short",
        "intermediate_stops": "",
        "notes": ""
      },
      "geometry": null
    },
    {
      "type": "Feature",
      "properties": {
        "route": "Tsugaru Kaikyo Ferry: 函館港 → 大間港",
        "role": "destination",
        "address": "大間港 青森県下北郡大間町",
        "port_en": "Oma",
        "operator": "Tsugaru Kaikyo Ferry",
        "region": "Tsugaru Strait",
        "distance_category": "Short",
        "intermediate_stops": "",
        "notes": ""
      },
      "geometry": null
    },
    {
      "type": "Feature",
      "properties": {
        "route": "Seikan Ferry: 青森港 → 函館港",
        "role": "origin",
        "address": "青森港 青森県青森市",
        "port_en": "Aomori",
        "operator": "Seikan Ferry",
        "region": "Tsugaru Strait",
        "distance_category": "Medium",
        "intermediate_stops": "",
        "notes": ""
      },
      "geometry": null
    },
    {
      "type": "Feature",
      "properties": {
        "route": "Seikan Ferry: 青森港 → 函館港",
        "role": "destination",
        "address": "函館港 北海道函館市",
        "port_en": "Hakodate",
        "operator": "Seikan Ferry",
        "region": "Tsugaru Strait",
        "distance_category": "Medium",
        "intermediate_stops": "",
        "notes": ""
      },
      "geometry": null
    },
    {
      "type": "Feature",
      "properties": {
        "route": "Heartland Ferry: 稚内港 → 鴛泊港",
        "role": "origin",
        "address": "稚内港 北海道稚内市",
        "port_en": "Wakkanai",
        "operator": "Heartland Ferry",
        "region": "Hokkaido",
        "distance_category": "Short",
        "intermediate_stops": "",
        "notes": "Oshidomari"
      },
      "geometry": null
    },
    {
      "type": "Feature",
      "properties": {
        "route": "Heartland Ferry: 稚内港 → 鴛泊港",
        "role": "destination",
        "address": "鴛泊港 北海道利尻富士町(利尻島)",
        "port_en": "Rishiri (Oshidomari)",
        "operator": "Heartland Ferry",
        "region": "Hokkaido",
        "distance_category": "Short",
        "intermediate_stops": "",
        "notes": "Oshidomari"
      },
      "geometry": null
    },
    {
      "type": "Feature",
      "properties": {
        "route": "Heartland Ferry: 稚内港 → 沓形港",
        "role": "origin",
        "address": "稚内港 北海道稚内市",
        "port_en": "Wakkanai",
        "operator": "Heartland Ferry",
        "region": "Hokkaido",
        "distance_category": "Short",
        "intermediate_stops": "",
        "notes": "Kutsugata (seasonal)"
      },
      "geometry": null
    },
    {
      "type": "Feature",
      "properties": {
        "route": "Heartland Ferry: 稚内港 → 沓形港",
        "role": "destination",
        "address": "沓形港 北海道利尻町(利尻島)",
        "port_en": "Rishiri (Kutsugata)",
        "operator": "Heartland Ferry",
        "region": "Hokkaido",
        "distance_category": "Short",
        "intermediate_stops": "",
        "notes": "Kutsugata (seasonal)"
      },
      "geometry": null
    },
    {
      "type": "Feature",
      "properties": {
        "route": "Heartland Ferry: 稚内港 → 香深港",
        "role": "origin",
        "address": "稚内港 北海道稚内市",
        "port_en": "Wakkanai",
        "operator": "Heartland Ferry",
        "region": "Hokkaido",
        "distance_category": "Short",
        "intermediate_stops": "",
        "notes": ""
      },
      "geometry": null
    },
    {
      "type": "Feature",
      "properties": {
        "route": "Heartland Ferry: 稚内港 → 香深港",
        "role": "destination",
        "address": "香深港 北海道礼文町(礼文島)",
        "port_en": "Rebun (Kafuka)",
        "operator": "Heartland Ferry",
        "region": "Hokkaido",
        "distance_category": "Short",
        "intermediate_stops": "",
        "notes": ""
      },
      "geometry": null
    },
    {
      "type": "Feature",
      "properties": {
        "route": "Heartland Ferry: 鴛泊港 → 香深港",
        "role": "origin",
        "address": "鴛泊港 北海道利尻富士町(利尻島)",
        "port_en": "Rishiri (Oshidomari)",
        "operator": "Heartland Ferry",
        "region": "Hokkaido",
        "distance_category": "Short",
        "intermediate_stops": "",
        "notes": ""
      },
      "geometry": null
    },
    {
      "type": "Feature",
      "properties": {
        "route": "Heartland Ferry: 鴛泊港 → 香深港",
        "role": "destination",
        "address": "香深港 北海道礼文町(礼文島)",
        "port_en": "Rebun (Kafuka)",
        "operator": "Heartland Ferry",
        "region": "Hokkaido",
        "distance_category": "Short",
        "intermediate_stops": "",
        "notes": ""
      },
      "geometry": null
    },
    {
      "type": "Feature",
      "properties": {
        "route": "Heartland Ferry: 江差港 → 奥尻港",
        "role": "origin",
        "address": "江差港 北海道江差町",
        "port_en": "Esashi (Hokkaido)",
        "operator": "Heartland Ferry",
        "region": "Hokkaido",
        "distance_category": "Short",
        "intermediate_stops": "",
        "notes": ""
      },
      "geometry": null
    },
    {
      "type": "Feature",
      "properties": {
        "route": "Heartland Ferry: 江差港 → 奥尻港",
        "role": "destination",
        "address": "奥尻港 北海道奥尻町(奥尻島)",
        "port_en": "Okushiri",
        "operator": "Heartland Ferry",
        "region": "Hokkaido",
        "distance_category": "Short",
        "intermediate_stops": "",
        "notes": ""
      },
      "geometry": null
    },
    {
      "type": "Feature",
      "properties": {
        "route": "Haboro Coastal Ferry: 羽幌港 → 焼尻港",
        "role": "origin",
        "address": "羽幌港 北海道羽幌町",
        "port_en": "Haboro",
        "operator": "Haboro Coastal Ferry",
        "region": "Hokkaido",
        "distance_category": "Short",
        "intermediate_stops": "",
        "notes": ""
      },
      "geometry": null
    },
    {
      "type": "Feature",
      "properties": {
        "route": "Haboro Coastal Ferry: 羽幌港 → 焼尻港",
        "role": "destination",
        "address": "焼尻港 北海道羽幌町(焼尻島)",
        "port_en": "Yagishiri",
        "operator": "Haboro Coastal Ferry",
        "region": "Hokkaido",
        "distance_category": "Short",
        "intermediate_stops": "",
        "notes": ""
      },
      "geometry": null
    },
    {
      "type": "Feature",
      "properties": {
        "route": "Haboro Coastal Ferry: 羽幌港 → 天売港",
        "role": "origin",
        "address": "羽幌港 北海道羽幌町",
        "port_en": "Haboro",
        "operator": "Haboro Coastal Ferry",
        "region": "Hokkaido",
        "distance_category": "Short",
        "intermediate_stops": "Yagishiri",
        "notes": ""
      },
      "geometry": null
    },
    {
      "type": "Feature",
      "properties": {
        "route": "Haboro Coastal Ferry: 羽幌港 → 天売港",
        "role": "destination",
        "address": "天売港 北海道羽幌町(天売島)",
        "port_en": "Teuri",
        "operator": "Haboro Coastal Ferry",
        "region": "Hokkaido",
        "distance_category": "Short",
        "intermediate_stops": "Yagishiri",
        "notes": ""
      },
      "geometry": null
    },
    {
      "type": "Feature",
      "properties": {
        "route": "Mutsu Bay Ferry: 蟹田港 → 脇野沢港",
        "role": "origin",
        "address": "蟹田港 青森県外ヶ浜町",
        "port_en": "Kanita",
        "operator": "Mutsu Bay Ferry",
        "region": "Tohoku",
        "distance_category": "Short",
        "intermediate_stops": "",
        "notes": ""
      },
      "geometry": null
    },
    {
      "type": "Feature",
      "properties": {
        "route": "Mutsu Bay Ferry: 蟹田港 → 脇野沢港",
        "role": "destination",
        "address": "脇野沢港 青森県むつ市",
        "port_en": "Wakinosawa",
        "operator": "Mutsu Bay Ferry",
        "region": "Tohoku",
        "distance_category": "Short",
        "intermediate_stops": "",
        "notes": ""
      },
      "geometry": null
    },
    {
      "type": "Feature",
      "properties": {
        "route": "Sea Line Aomori: 青森港 → 脇野沢港",
        "role": "origin",
        "address": "青森港 青森県青森市",
        "port_en": "Aomori",
        "operator": "Sea Line Aomori",
        "region": "Tohoku",
        "distance_category": "Short",
        "intermediate_stops": "",
        "notes": ""
      },
      "geometry": null
    },
    {
      "type": "Feature",
      "properties": {
        "route": "Sea Line Aomori: 青森港 → 脇野沢港",
        "role": "destination",
        "address": "脇野沢港 青森県むつ市",
        "port_en": "Wakinosawa",
        "operator": "Sea Line Aomori",
        "region": "Tohoku",
        "distance_category": "Short",
        "intermediate_stops": "",
        "notes": ""
      },
      "geometry": null
    },
    {
      "type": "Feature",
      "properties": {
        "route": "Sea Line Aomori: 青森港 → 佐井港",
        "role": "origin",
        "address": "青森港 青森県青森市",
        "port_en": "Aomori",
        "operator": "Sea Line Aomori",
        "region": "Tohoku",
        "distance_category": "Short",
        "intermediate_stops": "Ushitaki, Fukuura",
        "notes": ""
      },
      "geometry": null
    },
    {
      "type": "Feature",
      "properties": {
        "route": "Sea Line Aomori: 青森港 → 佐井港",
        "role": "destination",
        "address": "佐井港 青森県下北郡佐井村",
        "port_en": "Sai",
        "operator": "Sea Line Aomori",
        "region": "Tohoku",
        "distance_category": "Short",
        "intermediate_stops": "Ushitaki, Fukuura",
        "notes": ""
      },
      "geometry": null
    },
    {
      "type": "Feature",
      "properties": {
        "route": "Ajishima Line: 石巻港 → 網地島港",
        "role": "origin",
        "address": "石巻港 宮城県石巻市",
        "port_en": "Ishinomaki",
        "operator": "Ajishima Line",
        "region": "Tohoku",
        "distance_category": "Short",
        "intermediate_stops": "Tashirojima",
        "notes": ""
      },
      "geometry": null
    },
    {
      "type": "Feature",
      "properties": {
        "route": "Ajishima Line: 石巻港 → 網地島港",
        "role": "destination",
        "address": "網地島港 宮城県石巻市(網地島)",
        "port_en": "Ajishima",
        "operator": "Ajishima Line",
        "region": "Tohoku",
        "distance_category": "Short",
        "intermediate_stops": "Tashirojima",
        "notes": ""
      },
      "geometry": null
    },
    {
      "type": "Feature",
      "properties": {
        "route": "Tobishima Ferry: 酒田港 → 勝浦港",
        "role": "origin",
        "address": "酒田港 山形県酒田市",
        "port_en": "Sakata",
        "operator": "Tobishima Ferry",
        "region": "Tohoku",
        "distance_category": "Short",
        "intermediate_stops": "",
        "notes": ""
      },
      "geometry": null
    },
    {
      "type": "Feature",
      "properties": {
        "route": "Tobishima Ferry: 酒田港 → 勝浦港",
        "role": "destination",
        "address": "勝浦港 山形県酒田市(飛島)",
        "port_en": "Tobishima",
        "operator": "Tobishima Ferry",
        "region": "Tohoku",
        "distance_category": "Short",
        "intermediate_stops": "",
        "notes": ""
      },
      "geometry": null
    },
    {
      "type": "Feature",
      "properties": {
        "route": "Tokyo Bay Ferry: 久里浜港 → 金谷港",
        "role": "origin",
        "address": "久里浜港 神奈川県横須賀市久里浜",
        "port_en": "Kurihama",
        "operator": "Tokyo Bay Ferry",
        "region": "Tokyo Bay",
        "distance_category": "Short",
        "intermediate_stops": "",
        "notes": ""
      },
      "geometry": null
    },
    {
      "type": "Feature",
      "properties": {
        "route": "Tokyo Bay Ferry: 久里浜港 → 金谷港",
        "role": "destination",
        "address": "金谷港 千葉県富津市金谷",
        "port_en": "Kanaya",
        "operator": "Tokyo Bay Ferry",
        "region": "Tokyo Bay",
        "distance_category": "Short",
        "intermediate_stops": "",
        "notes": ""
      },
      "geometry": null
    },
    {
      "type": "Feature",
      "properties": {
        "route": "Tokai Kisen: 竹芝桟橋 → 元町港",
        "role": "origin",
        "address": "竹芝桟橋 東京都港区海岸",
        "port_en": "Tokyo (Takeshiba)",
        "operator": "Tokai Kisen",
        "region": "Izu Islands",
        "distance_category": "Short",
        "intermediate_stops": "",
        "notes": "Large ferry & jetfoil"
      },
      "geometry": null
    },
    {
      "type": "Feature",
      "properties": {
        "route": "Tokai Kisen: 竹芝桟橋 → 元町港",
        "role": "destination",
        "address": "元町港 東京都大島町(伊豆大島)",
        "port_en": "Oshima (Motomachi)",
        "operator": "Tokai Kisen",
        "region": "Izu Islands",
        "distance_category": "Short",
        "intermediate_stops": "",
        "notes": "Large ferry & jetfoil"
      },
      "geometry": null
    },
    {
      "type": "Feature",
      "properties": {
        "route": "Tokai Kisen: 竹芝桟橋 → 利島港",
        "role": "origin",
        "address": "竹芝桟橋 東京都港区海岸",
        "port_en": "Tokyo (Takeshiba)",
        "operator": "Tokai Kisen",
        "region": "Izu Islands",
        "distance_category": "Short",
        "intermediate_stops": "Oshima",
        "notes": ""
      },
      "geometry": null
    },
    {
      "type": "Feature",
      "properties": {
        "route": "Tokai Kisen: 竹芝桟橋 → 利島港",
        "role": "destination",
        "address": "利島港 東京都利島村",
        "port_en": "Toshima",
        "operator": "Tokai Kisen",
        "region": "Izu Islands",
        "distance_category": "Short",
        "intermediate_stops": "Oshima",
        "notes": ""
      },
      "geometry": null
    },
    {
      "type": "Feature",
      "properties": {
        "route": "Tokai Kisen: 竹芝桟橋 → 新島港(黒根)",
        "role": "origin",
        "address": "竹芝桟橋 東京都港区海岸",
        "port_en": "Tokyo (Takeshiba)",
        "operator": "Tokai Kisen",
        "region": "Izu Islands",
        "distance_category": "Short",
        "intermediate_stops": "Oshima, Toshima",
        "notes": ""
      },
      "geometry": null
    },
    {
      "type": "Feature",
      "properties": {
        "route": "Tokai Kisen: 竹芝桟橋 → 新島港(黒根)",
        "role": "destination",
        "address": "新島港(黒根) 東京都新島村",
        "port_en": "Niijima",
        "operator": "Tokai Kisen",
        "region": "Izu Islands",
        "distance_category": "Short",
        "intermediate_stops": "Oshima, Toshima",
        "notes": ""
      },
      "geometry": null
    },
    {
      "type": "Feature",
      "properties": {
        "route": "Tokai Kisen: 竹芝桟橋 → 野伏港",
        "role": "origin",
        "address": "竹芝桟橋 東京都港区海岸",
        "port_en": "Tokyo (Takeshiba)",
        "operator": "Tokai Kisen",
        "region": "Izu Islands",
        "distance_category": "Short",
        "intermediate_stops": "",
        "notes": ""
      },
      "geometry": null
    },
    {
      "type": "Feature",
      "properties": {
        "route": "Tokai Kisen: 竹芝桟橋 → 野伏港",
        "role": "destination",
        "address": "野伏港 東京都新島村(式根島)",
        "port_en": "Shikinejima",
        "operator": "Tokai Kisen",
        "region": "Izu Islands",
        "distance_category": "Short",
        "intermediate_stops": "",
        "notes": ""
      },
      "geometry": null
    },
    {
      "type": "Feature",
      "properties": {
        "route": "Tokai Kisen: 竹芝桟橋 → 神津島港",
        "role": "origin",
        "address": "竹芝桟橋 東京都港区海岸",
        "port_en": "Tokyo (Takeshiba)",
        "operator": "Tokai Kisen",
        "region": "Izu Islands",
        "distance_category": "Short",
        "intermediate_stops": "",
        "notes": ""
      },
      "geometry": null
    },
    {
      "type": "Feature",
      "properties": {
        "route": "Tokai Kisen: 竹芝桟橋 → 神津島港",
        "role": "destination",
        "address": "神津島港 東京都神津島村",
        "port_en": "Kozushima",
        "operator": "Tokai Kisen",
        "region": "Izu Islands",
        "distance_category": "Short",
        "intermediate_stops": "",
        "notes": ""
      },
      "geometry": null
    },
    {
      "type": "Feature",
      "properties": {
        "route": "Tokai Kisen: 竹芝桟橋 → 三池港",
        "role": "origin",
        "address": "竹芝桟橋 東京都港区海岸",
        "port_en": "Tokyo (Takeshiba)",
        "operator": "Tokai Kisen",
        "region": "Izu Islands",
        "distance_category": "Medium",
        "intermediate_stops": "",
        "notes": ""
      },
      "geometry": null
    },
    {
      "type": "Feature",
      "properties": {
        "route": "Tokai Kisen: 竹芝桟橋 → 三池港",
        "role": "destination",
        "address": "三池港 東京都三宅村(三宅島)",
        "port_en": "Miyakejima (Miike)",
        "operator": "Tokai Kisen",
        "region": "Izu Islands",
        "distance_category": "Medium",
        "intermediate_stops": "",
        "notes": ""
      },
      "geometry": null
    },
    {
      "type": "Feature",
      "properties": {
        "route": "Tokai Kisen: 竹芝桟橋 → 御蔵島港",
        "role": "origin",
        "address": "竹芝桟橋 東京都港区海岸",
        "port_en": "Tokyo (Takeshiba)",
        "operator": "Tokai Kisen",
        "region": "Izu Islands",
        "distance_category": "Medium",
        "intermediate_stops": "Miyakejima",
        "notes": ""
      },
      "geometry": null
    },
    {
      "type": "Feature",
      "properties": {
        "route": "Tokai Kisen: 竹芝桟橋 → 御蔵島港",
        "role": "destination",
        "address": "御蔵島港 東京都御蔵島村",
        "port_en": "Mikurajima",
        "operator": "Tokai Kisen",
        "region": "Izu Islands",
        "distance_category": "Medium",
        "intermediate_stops": "Miyakejima",
        "notes": ""
      },
      "geometry": null
    },
    {
      "type": "Feature",
      "properties": {
        "route": "Tokai Kisen: 竹芝桟橋 → 底土港",
        "role": "origin",
        "address": "竹芝桟橋 東京都港区海岸",
        "port_en": "Tokyo (Takeshiba)",
        "operator": "Tokai Kisen",
        "region": "Izu Islands",
        "distance_category": "Medium",
        "intermediate_stops": "Miyakejima, Mikurajima",
        "notes": "Overnight"
      },
      "geometry": null
    },
    {
      "type": "Feature",
      "properties": {
        "route": "Tokai Kisen: 竹芝桟橋 → 底土港",
        "role": "destination",
        "address": "底土港 東京都八丈町(八丈島)",
        "port_en": "Hachijojima (Sokodo)",
        "operator": "Tokai Kisen",
        "region": "Izu Islands",
        "distance_category": "Medium",
        "intermediate_stops": "Miyakejima, Mikurajima",
        "notes": "Overnight"
      },
      "geometry": null
    },
    {
      "type": "Feature",
      "properties": {
        "route": "Tokai Kisen: 熱海港 → 元町港",
        "role": "origin",
        "address": "熱海港 静岡県熱海市",
        "port_en": "Atami",
        "operator": "Tokai Kisen",
        "region": "Izu Islands",
        "distance_category": "Short",
        "intermediate_stops": "",
        "notes": "Jetfoil"
      },
      "geometry": null
    },
    {
      "type": "Feature",
      "properties": {
        "route": "Tokai Kisen: 熱海港 → 元町港",
        "role": "destination",
        "address": "元町港 東京都大島町(伊豆大島)",
        "port_en": "Oshima (Motomachi)",
        "operator": "Tokai Kisen",
        "region": "Izu Islands",
        "distance_category": "Short",
        "intermediate_stops": "",
        "notes": "Jetfoil"
      },
      "geometry": null
    },
    {
      "type": "Feature",
      "properties": {
        "route": "Tokai Kisen: 伊東港 → 元町港",
        "role": "origin",
        "address": "伊東港 静岡県伊東市",
        "port_en": "Ito",
        "operator": "Tokai Kisen",
        "region": "Izu Islands",
        "distance_category": "Short",
        "intermediate_stops": "",
        "notes": "Jetfoil"
      },
      "geometry": null
    },
    {
      "type": "Feature",
      "properties": {
        "route": "Tokai Kisen: 伊東港 → 元町港",
        "role": "destination",
        "address": "元町港 東京都大島町(伊豆大島)",
        "port_en": "Oshima (Motomachi)",
        "operator": "Tokai Kisen",
        "region": "Izu Islands",
        "distance_category": "Short",
        "intermediate_stops": "",
        "notes": "Jetfoil"
      },
      "geometry": null
    },
    {
      "type": "Feature",
      "properties": {
        "route": "Tokai Kisen: 横浜港大さん橋 → 元町港",
        "role": "origin",
        "address": "横浜港大さん橋 神奈川県横浜市中区",
        "port_en": "Yokohama",
        "operator": "Tokai Kisen",
        "region": "Izu Islands",
        "distance_category": "Short",
        "intermediate_stops": "",
        "notes": "Seasonal"
      },
      "geometry": null
    },
    {
      "type": "Feature",
      "properties": {
        "route": "Tokai Kisen: 横浜港大さん橋 → 元町港",
        "role": "destination",
        "address": "元町港 東京都大島町(伊豆大島)",
        "port_en": "Oshima (Motomachi)",
        "operator": "Tokai Kisen",
        "region": "Izu Islands",
        "distance_category": "Short",
        "intermediate_stops": "",
        "notes": "Seasonal"
      },
      "geometry": null
    },
    {
      "type": "Feature",
      "properties": {
        "route": "Shinshin Kisen: 下田港 → 利島港",
        "role": "origin",
        "address": "下田港 静岡県下田市",
        "port_en": "Shimoda",
        "operator": "Shinshin Kisen",
        "region": "Izu Islands",
        "distance_category": "Short",
        "intermediate_stops": "",
        "notes": ""
      },
      "geometry": null
    },
    {
      "type": "Feature",
      "properties": {
        "route": "Shinshin Kisen: 下田港 → 利島港",
        "role": "destination",
        "address": "利島港 東京都利島村",
        "port_en": "Toshima",
        "operator": "Shinshin Kisen",
        "region": "Izu Islands",
        "distance_category": "Short",
        "intermediate_stops": "",
        "notes": ""
      },
      "geometry": null
    },
    {
      "type": "Feature",
      "properties": {
        "route": "Shinshin Kisen: 下田港 → 新島港(黒根)",
        "role": "origin",
        "address": "下田港 静岡県下田市",
        "port_en": "Shimoda",
        "operator": "Shinshin Kisen",
        "region": "Izu Islands",
        "distance_category": "Short",
        "intermediate_stops": "",
        "notes": ""
      },
      "geometry": null
    },
    {
      "type": "Feature",
      "properties": {
        "route": "Shinshin Kisen: 下田港 → 新島港(黒根)",
        "role": "destination",
        "address": "新島港(黒根) 東京都新島村",
        "port_en": "Niijima",
        "operator": "Shinshin Kisen",
        "region": "Izu Islands",
        "distance_category": "Short",
        "intermediate_stops": "",
        "notes": ""
      },
      "geometry": null
    },
    {
      "type": "Feature",
      "properties": {
        "route": "Shinshin Kisen: 下田港 → 野伏港",
        "role": "origin",
        "address": "下田港 静岡県下田市",
        "port_en": "Shimoda",
        "operator": "Shinshin Kisen",
        "region": "Izu Islands",
        "distance_category": "Short",
        "intermediate_stops": "",
        "notes": ""
      },
      "geometry": null
    },
    {
      "type": "Feature",
      "properties": {
        "route": "Shinshin Kisen: 下田港 → 野伏港",
        "role": "destination",
        "address": "野伏港 東京都新島村(式根島)",
        "port_en": "Shikinejima",
        "operator": "Shinshin Kisen",
        "region": "Izu Islands",
        "distance_category": "Short",
        "intermediate_stops": "",
        "notes": ""
      },
      "geometry": null
    },
    {
      "type": "Feature",
      "properties": {
        "route": "Shinshin Kisen: 下田港 → 神津島港",
        "role": "origin",
        "address": "下田港 静岡県下田市",
        "port_en": "Shimoda",
        "operator": "Shinshin Kisen",
        "region": "Izu Islands",
        "distance_category": "Short",
        "intermediate_stops": "",
        "notes": ""
      },
      "geometry": null
    },
    {
      "type": "Feature",
      "properties": {
        "route": "Shinshin Kisen: 下田港 → 神津島港",
        "role": "destination",
        "address": "神津島港 東京都神津島村",
        "port_en": "Kozushima",
        "operator": "Shinshin Kisen",
        "region": "Izu Islands",
        "distance_category": "Short",
        "intermediate_stops": "",
        "notes": ""
      },
      "geometry": null
    },
    {
      "type": "Feature",
      "properties": {
        "route": "Izu Islands Development: 底土港 → 三宝港",
        "role": "origin",
        "address": "底土港 東京都八丈町(八丈島)",
        "port_en": "Hachijojima (Sokodo)",
        "operator": "Izu Islands Development",
        "region": "Izu Islands",
        "distance_category": "Short",
        "intermediate_stops": "",
        "notes": ""
      },
      "geometry": null
    },
    {
      "type": "Feature",
      "properties": {
        "route": "Izu Islands Development: 底土港 → 三宝港",
        "role": "destination",
        "address": "三宝港 東京都青ヶ島村",
        "port_en": "Aogashima",
        "operator": "Izu Islands Development",
        "region": "Izu Islands",
        "distance_category": "Short",
        "intermediate_stops": "",
        "notes": ""
      },
      "geometry": null
    },
    {
      "type": "Feature",
      "properties": {
        "route": "Ogasawara Kaiun: 竹芝桟橋 → 二見港",
        "role": "origin",
        "address": "竹芝桟橋 東京都港区海岸",
        "port_en": "Tokyo (Takeshiba)",
        "operator": "Ogasawara Kaiun",
        "region": "Ogasawara",
        "distance_category": "Long",
        "intermediate_stops": "",
        "notes": "Ogasawara Maru, ~24h"
      },
      "geometry": null
    },
    {
      "type": "Feature",
      "properties": {
        "route": "Ogasawara Kaiun: 竹芝桟橋 → 二見港",
        "role": "destination",
        "address": "二見港 東京都小笠原村(父島)",
        "port_en": "Chichijima",
        "operator": "Ogasawara Kaiun",
        "region": "Ogasawara",
        "distance_category": "Long",
        "intermediate_stops": "",
        "notes": "Ogasawara Maru, ~24h"
      },
      "geometry": null
    },
    {
      "type": "Feature",
      "properties": {
        "route": "Hahajima Marine: 二見港 → 沖港",
        "role": "origin",
        "address": "二見港 東京都小笠原村(父島)",
        "port_en": "Chichijima",
        "operator": "Hahajima Marine",
        "region": "Ogasawara",
        "distance_category": "Short",
        "intermediate_stops": "",
        "notes": "Hahajima Maru"
      },
      "geometry": null
    },
    {
      "type": "Feature",
      "properties": {
        "route": "Hahajima Marine: 二見港 → 沖港",
        "role": "destination",
        "address": "沖港 東京都小笠原村(母島)",
        "port_en": "Hahajima",
        "operator": "Hahajima Marine",
        "region": "Ogasawara",
        "distance_category": "Short",
        "intermediate_stops": "",
        "notes": "Hahajima Maru"
      },
      "geometry": null
    },
    {
      "type": "Feature",
      "properties": {
        "route": "Fuji-Q Marine: 熱海港 → 初島港",
        "role": "origin",
        "address": "熱海港 静岡県熱海市",
        "port_en": "Atami",
        "operator": "Fuji-Q Marine",
        "region": "Sagami Bay",
        "distance_category": "Short",
        "intermediate_stops": "",
        "notes": ""
      },
      "geometry": null
    },
    {
      "type": "Feature",
      "properties": {
        "route": "Fuji-Q Marine: 熱海港 → 初島港",
        "role": "destination",
        "address": "初島港 静岡県熱海市(初島)",
        "port_en": "Hatsushima",
        "operator": "Fuji-Q Marine",
        "region": "Sagami Bay",
        "distance_category": "Short",
        "intermediate_stops": "",
        "notes": ""
      },
      "geometry": null
    },
    {
      "type": "Feature",
      "properties": {
        "route": "Suruga Bay Ferry: 清水港 → 土肥港",
        "role": "origin",
        "address": "清水港 静岡県静岡市清水区",
        "port_en": "Shimizu",
        "operator": "Suruga Bay Ferry",
        "region": "Suruga Bay",
        "distance_category": "Short",
        "intermediate_stops": "",
        "notes": ""
      },
      "geometry": null
    },
    {
      "type": "Feature",
      "properties": {
        "route": "Suruga Bay Ferry: 清水港 → 土肥港",
        "role": "destination",
        "address": "土肥港 静岡県伊豆市土肥",
        "port_en": "Toi",
        "operator": "Suruga Bay Ferry",
        "region": "Suruga Bay",
        "distance_category": "Short",
        "intermediate_stops": "",
        "notes": ""
      },
      "geometry": null
    },
    {
      "type": "Feature",
      "properties": {
        "route": "Tsu Airport Line: 津なぎさまち → 中部国際空港セントレア",
        "role": "origin",
        "address": "津なぎさまち 三重県津市",
        "port_en": "Tsu (Nagisamachi)",
        "operator": "Tsu Airport Line",
        "region": "Ise Bay",
        "distance_category": "Short",
        "intermediate_stops": "",
        "notes": "Airport access"
      },
      "geometry": null
    },
    {
      "type": "Feature",
      "properties": {
        "route": "Tsu Airport Line: 津なぎさまち → 中部国際空港セントレア",
        "role": "destination",
        "address": "中部国際空港セントレア 愛知県常滑市",
        "port_en": "Chubu Centrair",
        "operator": "Tsu Airport Line",
        "region": "Ise Bay",
        "distance_category": "Short",
        "intermediate_stops": "",
        "notes": "Airport access"
      },
      "geometry": null
    },
    {
      "type": "Feature",
      "properties": {
        "route": "Bay Shuttle: 神戸空港海上アクセスターミナル → 関西国際空港",
        "role": "origin",
        "address": "神戸空港海上アクセスターミナル 兵庫県神戸市中央区",
        "port_en": "Kobe Airport",
        "operator": "Bay Shuttle",
        "region": "Osaka Bay",
        "distance_category": "Short",
        "intermediate_stops": "",
        "notes": "Airport access"
      },
      "geometry": null
    },
    {
      "type": "Feature",
      "properties": {
        "route": "Bay Shuttle: 神戸空港海上アクセスターミナル → 関西国際空港",
        "role": "destination",
        "address": "関西国際空港 大阪府泉佐野市",
        "port_en": "Kansai Airport",
        "operator": "Bay Shuttle",
        "region": "Osaka Bay",
        "distance_category": "Short",
        "intermediate_stops": "",
        "notes": "Airport access"
      },
      "geometry": null
    },
    {
      "type": "Feature",
      "properties": {
        "route": "Isewan Ferry: 鳥羽港 → 伊良湖港",
        "role": "origin",
        "address": "鳥羽港 三重県鳥羽市",
        "port_en": "Toba",
        "operator": "Isewan Ferry",
        "region": "Ise Bay",
        "distance_category": "Short",
        "intermediate_stops": "",
        "notes": ""
      },
      "geometry": null
    },
    {
      "type": "Feature",
      "properties": {
        "route": "Isewan Ferry: 鳥羽港 → 伊良湖港",
        "role": "destination",
        "address": "伊良湖港 愛知県田原市伊良湖町",
        "port_en": "Irago",
        "operator": "Isewan Ferry",
        "region": "Ise Bay",
        "distance_category": "Short",
        "intermediate_stops": "",
        "notes": ""
      },
      "geometry": null
    },
    {
      "type": "Feature",
      "properties": {
        "route": "Meitetsu Marine: 師崎港 → 篠島港",
        "role": "origin",
        "address": "師崎港 愛知県知多郡南知多町",
        "port_en": "Morozaki",
        "operator": "Meitetsu Marine",
        "region": "Mikawa Bay",
        "distance_category": "Short",
        "intermediate_stops": "",
        "notes": ""
      },
      "geometry": null
    },
    {
      "type": "Feature",
      "properties": {
        "route": "Meitetsu Marine: 師崎港 → 篠島港",
        "role": "destination",
        "address": "篠島港 愛知県知多郡南知多町(篠島)",
        "port_en": "Shinojima",
        "operator": "Meitetsu Marine",
        "region": "Mikawa Bay",
        "distance_category": "Short",
        "intermediate_stops": "",
        "notes": ""
      },
      "geometry": null
    },
    {
      "type": "Feature",
      "properties": {
        "route": "Meitetsu Marine: 師崎港 → 日間賀島港",
        "role": "origin",
        "address": "師崎港 愛知県知多郡南知多町",
        "port_en": "Morozaki",
        "operator": "Meitetsu Marine",
        "region": "Mikawa Bay",
        "distance_category": "Short",
        "intermediate_stops": "",
        "notes": ""
      },
      "geometry": null
    },
    {
      "type": "Feature",
      "properties": {
        "route": "Meitetsu Marine: 師崎港 → 日間賀島港",
        "role": "destination",
        "address": "日間賀島港 愛知県知多郡南知多町(日間賀島)",
        "port_en": "Himakajima",
        "operator": "Meitetsu Marine",
        "region": "Mikawa Bay",
        "distance_category": "Short",
        "intermediate_stops": "",
        "notes": ""
      },
      "geometry": null
    },
    {
      "type": "Feature",
      "properties": {
        "route": "Meitetsu Marine: 伊良湖港 → 篠島港",
        "role": "origin",
        "address": "伊良湖港 愛知県田原市伊良湖町",
        "port_en": "Irago",
        "operator": "Meitetsu Marine",
        "region": "Mikawa Bay",
        "distance_category": "Short",
        "intermediate_stops": "Himakajima",
        "notes": ""
      },
      "geometry": null
    },
    {
      "type": "Feature",
      "properties": {
        "route": "Meitetsu Marine: 伊良湖港 → 篠島港",
        "role": "destination",
        "address": "篠島港 愛知県知多郡南知多町(篠島)",
        "port_en": "Shinojima",
        "operator": "Meitetsu Marine",
        "region": "Mikawa Bay",
        "distance_category": "Short",
        "intermediate_stops": "Himakajima",
        "notes": ""
      },
      "geometry": null
    },
    {
      "type": "Feature",
      "properties": {
        "route": "Sado Kisen: 新潟港 → 両津港",
        "role": "origin",
        "address": "新潟港 新潟県新潟市中央区",
        "port_en": "Niigata",
        "operator": "Sado Kisen",
        "region": "Sado",
        "distance_category": "Short",
        "intermediate_stops": "",
        "notes": "Car ferry & jetfoil"
      },
      "geometry": null
    },
    {
      "type": "Feature",
      "properties": {
        "route": "Sado Kisen: 新潟港 → 両津港",
        "role": "destination",
        "address": "両津港 新潟県佐渡市(佐渡島)",
        "port_en": "Ryotsu (Sado)",
        "operator": "Sado Kisen",
        "region": "Sado",
        "distance_category": "Short",
        "intermediate_stops": "",
        "notes": "Car ferry & jetfoil"
      },
      "geometry": null
    },
    {
      "type": "Feature",
      "properties": {
        "route": "Sado Kisen: 直江津港 → 小木港",
        "role": "origin",
        "address": "直江津港 新潟県上越市",
        "port_en": "Naoetsu",
        "operator": "Sado Kisen",
        "region": "Sado",
        "distance_category": "Short",
        "intermediate_stops": "",
        "notes": ""
      },
      "geometry": null
    },
    {
      "type": "Feature",
      "properties": {
        "route": "Sado Kisen: 直江津港 → 小木港",
        "role": "destination",
        "address": "小木港 新潟県佐渡市(佐渡島)",
        "port_en": "Ogi (Sado)",
        "operator": "Sado Kisen",
        "region": "Sado",
        "distance_category": "Short",
        "intermediate_stops": "",
        "notes": ""
      },
      "geometry": null
    },
    {
      "type": "Feature",
      "properties": {
        "route": "Awashima Kisen: 岩船港 → 粟島港",
        "role": "origin",
        "address": "岩船港 新潟県村上市",
        "port_en": "Iwafune",
        "operator": "Awashima Kisen",
        "region": "Niigata",
        "distance_category": "Short",
        "intermediate_stops": "",
        "notes": ""
      },
      "geometry": null
    },
    {
      "type": "Feature",
      "properties": {
        "route": "Awashima Kisen: 岩船港 → 粟島港",
        "role": "destination",
        "address": "粟島港 新潟県岩船郡粟島浦村",
        "port_en": "Awashima",
        "operator": "Awashima Kisen",
        "region": "Niigata",
        "distance_category": "Short",
        "intermediate_stops": "",
        "notes": ""
      },
      "geometry": null
    },
    {
      "type": "Feature",
      "properties": {
        "route": "Hegura Route: 輪島港 → 舳倉島港",
        "role": "origin",
        "address": "輪島港 石川県輪島市",
        "port_en": "Wajima",
        "operator": "Hegura Route",
        "region": "Noto",
        "distance_category": "Short",
        "intermediate_stops": "",
        "notes": ""
      },
      "geometry": null
    },
    {
      "type": "Feature",
      "properties": {
        "route": "Hegura Route: 輪島港 → 舳倉島港",
        "role": "destination",
        "address": "舳倉島港 石川県輪島市(舳倉島)",
        "port_en": "Hegurajima",
        "operator": "Hegura Route",
        "region": "Noto",
        "distance_category": "Short",
        "intermediate_stops": "",
        "notes": ""
      },
      "geometry": null
    },
    {
      "type": "Feature",
      "properties": {
        "route": "Nankai Ferry: 和歌山港 → 徳島港",
        "role": "origin",
        "address": "和歌山港 和歌山県和歌山市",
        "port_en": "Wakayama",
        "operator": "Nankai Ferry",
        "region": "Kii Channel",
        "distance_category": "Short",
        "intermediate_stops": "",
        "notes": ""
      },
      "geometry": null
    },
    {
      "type": "Feature",
      "properties": {
        "route": "Nankai Ferry: 和歌山港 → 徳島港",
        "role": "destination",
        "address": "徳島港 徳島県徳島市",
        "port_en": "Tokushima",
        "operator": "Nankai Ferry",
        "region": "Kii Channel",
        "distance_category": "Short",
        "intermediate_stops": "",
        "notes": ""
      },
      "geometry": null
    },
    {
      "type": "Feature",
      "properties": {
        "route": "Awaji Jenova Line: 明石港 → 岩屋港",
        "role": "origin",
        "address": "明石港 兵庫県明石市",
        "port_en": "Akashi",
        "operator": "Awaji Jenova Line",
        "region": "Akashi Strait",
        "distance_category": "Short",
        "intermediate_stops": "",
        "notes": "Passenger only"
      },
      "geometry": null
    },
    {
      "type": "Feature",
      "properties": {
        "route": "Awaji Jenova Line: 明石港 → 岩屋港",
        "role": "destination",
        "address": "岩屋港 兵庫県淡路市(淡路島)",
        "port_en": "Iwaya (Awaji)",
        "operator": "Awaji Jenova Line",
        "region": "Akashi Strait",
        "distance_category": "Short",
        "intermediate_stops": "",
        "notes": "Passenger only"
      },
      "geometry": null
    },
    {
      "type": "Feature",
      "properties": {
        "route": "Deep Sun Sumoto Liner: 深日港 → 洲本港",
        "role": "origin",
        "address": "深日港 大阪府泉南郡岬町",
        "port_en": "Fuke",
        "operator": "Deep Sun Sumoto Liner",
        "region": "Osaka Bay",
        "distance_category": "Short",
        "intermediate_stops": "",
        "notes": "Seasonal"
      },
      "geometry": null
    },
    {
      "type": "Feature",
      "properties": {
        "route": "Deep Sun Sumoto Liner: 深日港 → 洲本港",
        "role": "destination",
        "address": "洲本港 兵庫県洲本市(淡路島)",
        "port_en": "Sumoto (Awaji)",
        "operator": "Deep Sun Sumoto Liner",
        "region": "Osaka Bay",
        "distance_category": "Short",
        "intermediate_stops": "",
        "notes": "Seasonal"
      },
      "geometry": null
    },
    {
      "type": "Feature",
      "properties": {
        "route": "Jumbo Ferry: 神戸三宮フェリーターミナル → 高松港",
        "role": "origin",
        "address": "神戸三宮フェリーターミナル 兵庫県神戸市中央区",
        "port_en": "Kobe (Sannomiya)",
        "operator": "Jumbo Ferry",
        "region": "Setouchi",
        "distance_category": "Short",
        "intermediate_stops": "Shodoshima Sakate (some sailings)",
        "notes": ""
      },
      "geometry": null
    },
    {
      "type": "Feature",
      "properties": {
        "route": "Jumbo Ferry: 神戸三宮フェリーターミナル → 高松港",
        "role": "destination",
        "address": "高松港 香川県高松市",
        "port_en": "Takamatsu",
        "operator": "Jumbo Ferry",
        "region": "Setouchi",
        "distance_category": "Short",
        "intermediate_stops": "Shodoshima Sakate (some sailings)",
        "notes": ""
      },
      "geometry": null
    },
    {
      "type": "Feature",
      "properties": {
        "route": "Shodoshima Ferry: 姫路港(飾磨) → 福田港",
        "role": "origin",
        "address": "姫路港(飾磨) 兵庫県姫路市",
        "port_en": "Himeji (Shikama)",
        "operator": "Shodoshima Ferry",
        "region": "Setouchi",
        "distance_category": "Short",
        "intermediate_stops": "",
        "notes": ""
      },
      "geometry": null
    },
    {
      "type": "Feature",
      "properties": {
        "route": "Shodoshima Ferry: 姫路港(飾磨) → 福田港",
        "role": "destination",
        "address": "福田港 香川県小豆郡小豆島町(小豆島)",
        "port_en": "Fukuda (Shodo)",
        "operator": "Shodoshima Ferry",
        "region": "Setouchi",
        "distance_category": "Short",
        "intermediate_stops": "",
        "notes": ""
      },
      "geometry": null
    },
    {
      "type": "Feature",
      "properties": {
        "route": "Shodoshima Ferry: 高松港 → 土庄港",
        "role": "origin",
        "address": "高松港 香川県高松市",
        "port_en": "Takamatsu",
        "operator": "Shodoshima Ferry",
        "region": "Setouchi",
        "distance_category": "Short",
        "intermediate_stops": "",
        "notes": ""
      },
      "geometry": null
    },
    {
      "type": "Feature",
      "properties": {
        "route": "Shodoshima Ferry: 高松港 → 土庄港",
        "role": "destination",
        "address": "土庄港 香川県小豆郡土庄町(小豆島)",
        "port_en": "Tonosho (Shodo)",
        "operator": "Shodoshima Ferry",
        "region": "Setouchi",
        "distance_category": "Short",
        "intermediate_stops": "",
        "notes": ""
      },
      "geometry": null
    },
    {
      "type": "Feature",
      "properties": {
        "route": "Kokusai Ryobi Ferry: 高松港 → 池田港",
        "role": "origin",
        "address": "高松港 香川県高松市",
        "port_en": "Takamatsu",
        "operator": "Kokusai Ryobi Ferry",
        "region": "Setouchi",
        "distance_category": "Short",
        "intermediate_stops": "",
        "notes": ""
      },
      "geometry": null
    },
    {
      "type": "Feature",
      "properties": {
        "route": "Kokusai Ryobi Ferry: 高松港 → 池田港",
        "role": "destination",
        "address": "池田港 香川県小豆郡小豆島町(小豆島)",
        "port_en": "Ikeda (Shodo)",
        "operator": "Kokusai Ryobi Ferry",
        "region": "Setouchi",
        "distance_category": "Short",
        "intermediate_stops": "",
        "notes": ""
      },
      "geometry": null
    },
    {
      "type": "Feature",
      "properties": {
        "route": "Ryobi Ferry: 新岡山港 → 土庄港",
        "role": "origin",
        "address": "新岡山港 岡山県岡山市中区",
        "port_en": "Shin-Okayama",
        "operator": "Ryobi Ferry",
        "region": "Setouchi",
        "distance_category": "Short",
        "intermediate_stops": "",
        "notes": ""
      },
      "geometry": null
    },
    {
      "type": "Feature",
      "properties": {
        "route": "Ryobi Ferry: 新岡山港 → 土庄港",
        "role": "destination",
        "address": "土庄港 香川県小豆郡土庄町(小豆島)",
        "port_en": "Tonosho (Shodo)",
        "operator": "Ryobi Ferry",
        "region": "Setouchi",
        "distance_category": "Short",
        "intermediate_stops": "",
        "notes": ""
      },
      "geometry": null
    },
    {
      "type": "Feature",
      "properties": {
        "route": "Setouchi Sightseeing: 日生港 → 大部港",
        "role": "origin",
        "address": "日生港 岡山県備前市日生町",
        "port_en": "Hinase",
        "operator": "Setouchi Sightseeing",
        "region": "Setouchi",
        "distance_category": "Short",
        "intermediate_stops": "",
        "notes": ""
      },
      "geometry": null
    },
    {
      "type": "Feature",
      "properties": {
        "route": "Setouchi Sightseeing: 日生港 → 大部港",
        "role": "destination",
        "address": "大部港 香川県小豆郡土庄町(小豆島)",
        "port_en": "Obe (Shodo)",
        "operator": "Setouchi Sightseeing",
        "region": "Setouchi",
        "distance_category": "Short",
        "intermediate_stops": "",
        "notes": ""
      },
      "geometry": null
    },
    {
      "type": "Feature",
      "properties": {
        "route": "Shikoku Kisen: 高松港 → 宮浦港",
        "role": "origin",
        "address": "高松港 香川県高松市",
        "port_en": "Takamatsu",
        "operator": "Shikoku Kisen",
        "region": "Setouchi",
        "distance_category": "Short",
        "intermediate_stops": "",
        "notes": ""
      },
      "geometry": null
    },
    {
      "type": "Feature",
      "properties": {
        "route": "Shikoku Kisen: 高松港 → 宮浦港",
        "role": "destination",
        "address": "宮浦港 香川県香川郡直島町(直島)",
        "port_en": "Naoshima (Miyanoura)",
        "operator": "Shikoku Kisen",
        "region": "Setouchi",
        "distance_category": "Short",
        "intermediate_stops": "",
        "notes": ""
      },
      "geometry": null
    },
    {
      "type": "Feature",
      "properties": {
        "route": "Shikoku Kisen: 宇野港 → 宮浦港",
        "role": "origin",
        "address": "宇野港 岡山県玉野市",
        "port_en": "Uno",
        "operator": "Shikoku Kisen",
        "region": "Setouchi",
        "distance_category": "Short",
        "intermediate_stops": "",
        "notes": ""
      },
      "geometry": null
    },
    {
      "type": "Feature",
      "properties": {
        "route": "Shikoku Kisen: 宇野港 → 宮浦港",
        "role": "destination",
        "address": "宮浦港 香川県香川郡直島町(直島)",
        "port_en": "Naoshima (Miyanoura)",
        "operator": "Shikoku Kisen",
        "region": "Setouchi",
        "distance_category": "Short",
        "intermediate_stops": "",
        "notes": ""
      },
      "geometry": null
    },
    {
      "type": "Feature",
      "properties": {
        "route": "Shikoku Kisen: 本村港 → 家浦港",
        "role": "origin",
        "address": "本村港 香川県香川郡直島町(直島)",
        "port_en": "Naoshima (Honmura)",
        "operator": "Shikoku Kisen",
        "region": "Setouchi",
        "distance_category": "Short",
        "intermediate_stops": "Inujima (some sailings)",
        "notes": ""
      },
      "geometry": null
    },
    {
      "type": "Feature",
      "properties": {
        "route": "Shikoku Kisen: 本村港 → 家浦港",
        "role": "destination",
        "address": "家浦港 香川県小豆郡土庄町(豊島)",
        "port_en": "Teshima (Ieura)",
        "operator": "Shikoku Kisen",
        "region": "Setouchi",
        "distance_category": "Short",
        "intermediate_stops": "Inujima (some sailings)",
        "notes": ""
      },
      "geometry": null
    },
    {
      "type": "Feature",
      "properties": {
        "route": "Teshima Ferry: 宇野港 → 家浦港",
        "role": "origin",
        "address": "宇野港 岡山県玉野市",
        "port_en": "Uno",
        "operator": "Teshima Ferry",
        "region": "Setouchi",
        "distance_category": "Short",
        "intermediate_stops": "",
        "notes": ""
      },
      "geometry": null
    },
    {
      "type": "Feature",
      "properties": {
        "route": "Teshima Ferry: 宇野港 → 家浦港",
        "role": "destination",
        "address": "家浦港 香川県小豆郡土庄町(豊島)",
        "port_en": "Teshima (Ieura)",
        "operator": "Teshima Ferry",
        "region": "Setouchi",
        "distance_category": "Short",
        "intermediate_stops": "",
        "notes": ""
      },
      "geometry": null
    },
    {
      "type": "Feature",
      "properties": {
        "route": "Teshima Ferry: 宇野港 → 唐櫃港",
        "role": "origin",
        "address": "宇野港 岡山県玉野市",
        "port_en": "Uno",
        "operator": "Teshima Ferry",
        "region": "Setouchi",
        "distance_category": "Short",
        "intermediate_stops": "Ieura",
        "notes": ""
      },
      "geometry": null
    },
    {
      "type": "Feature",
      "properties": {
        "route": "Teshima Ferry: 宇野港 → 唐櫃港",
        "role": "destination",
        "address": "唐櫃港 香川県小豆郡土庄町(豊島)",
        "port_en": "Teshima (Karato)",
        "operator": "Teshima Ferry",
        "region": "Setouchi",
        "distance_category": "Short",
        "intermediate_stops": "Ieura",
        "notes": ""
      },
      "geometry": null
    },
    {
      "type": "Feature",
      "properties": {
        "route": "Megijima Shipping: 高松港 → 男木港",
        "role": "origin",
        "address": "高松港 香川県高松市",
        "port_en": "Takamatsu",
        "operator": "Megijima Shipping",
        "region": "Setouchi",
        "distance_category": "Short",
        "intermediate_stops": "Megijima",
        "notes": ""
      },
      "geometry": null
    },
    {
      "type": "Feature",
      "properties": {
        "route": "Megijima Shipping: 高松港 → 男木港",
        "role": "destination",
        "address": "男木港 香川県高松市(男木島)",
        "port_en": "Ogijima",
        "operator": "Megijima Shipping",
        "region": "Setouchi",
        "distance_category": "Short",
        "intermediate_stops": "Megijima",
        "notes": ""
      },
      "geometry": null
    },
    {
      "type": "Feature",
      "properties": {
        "route": "Maejima Ferry: 牛窓港 → 前島港",
        "role": "origin",
        "address": "牛窓港 岡山県瀬戸内市",
        "port_en": "Ushimado",
        "operator": "Maejima Ferry",
        "region": "Setouchi",
        "distance_category": "Short",
        "intermediate_stops": "",
        "notes": ""
      },
      "geometry": null
    },
    {
      "type": "Feature",
      "properties": {
        "route": "Maejima Ferry: 牛窓港 → 前島港",
        "role": "destination",
        "address": "前島港 岡山県瀬戸内市(前島)",
        "port_en": "Maejima",
        "operator": "Maejima Ferry",
        "region": "Setouchi",
        "distance_category": "Short",
        "intermediate_stops": "",
        "notes": ""
      },
      "geometry": null
    },
    {
      "type": "Feature",
      "properties": {
        "route": "Setouchi Tourist: 笠岡住吉港 → 白石島港",
        "role": "origin",
        "address": "笠岡住吉港 岡山県笠岡市",
        "port_en": "Kasaoka (Fukuyama)",
        "operator": "Setouchi Tourist",
        "region": "Setouchi",
        "distance_category": "Short",
        "intermediate_stops": "",
        "notes": ""
      },
      "geometry": null
    },
    {
      "type": "Feature",
      "properties": {
        "route": "Setouchi Tourist: 笠岡住吉港 → 白石島港",
        "role": "destination",
        "address": "白石島港 岡山県笠岡市(白石島)",
        "port_en": "Shiraishi Island",
        "operator": "Setouchi Tourist",
        "region": "Setouchi",
        "distance_category": "Short",
        "intermediate_stops": "",
        "notes": ""
      },
      "geometry": null
    },
    {
      "type": "Feature",
      "properties": {
        "route": "Setouchi Tourist: 笠岡住吉港 → 北木島港",
        "role": "origin",
        "address": "笠岡住吉港 岡山県笠岡市",
        "port_en": "Kasaoka (Fukuyama)",
        "operator": "Setouchi Tourist",
        "region": "Setouchi",
        "distance_category": "Short",
        "intermediate_stops": "Shiraishi",
        "notes": ""
      },
      "geometry": null
    },
    {
      "type": "Feature",
      "properties": {
        "route": "Setouchi Tourist: 笠岡住吉港 → 北木島港",
        "role": "destination",
        "address": "北木島港 岡山県笠岡市(北木島)",
        "port_en": "Kitagi Island",
        "operator": "Setouchi Tourist",
        "region": "Setouchi",
        "distance_category": "Short",
        "intermediate_stops": "Shiraishi",
        "notes": ""
      },
      "geometry": null
    },
    {
      "type": "Feature",
      "properties": {
        "route": "JR West Miyajima Ferry: 宮島口桟橋 → 宮島桟橋",
        "role": "origin",
        "address": "宮島口桟橋 広島県廿日市市",
        "port_en": "Miyajimaguchi",
        "operator": "JR West Miyajima Ferry",
        "region": "Setouchi",
        "distance_category": "Short",
        "intermediate_stops": "",
        "notes": ""
      },
      "geometry": null
    },
    {
      "type": "Feature",
      "properties": {
        "route": "JR West Miyajima Ferry: 宮島口桟橋 → 宮島桟橋",
        "role": "destination",
        "address": "宮島桟橋 広島県廿日市市(厳島)",
        "port_en": "Miyajima",
        "operator": "JR West Miyajima Ferry",
        "region": "Setouchi",
        "distance_category": "Short",
        "intermediate_stops": "",
        "notes": ""
      },
      "geometry": null
    },
    {
      "type": "Feature",
      "properties": {
        "route": "Miyajima Matsudai: 宮島口桟橋 → 宮島桟橋",
        "role": "origin",
        "address": "宮島口桟橋 広島県廿日市市",
        "port_en": "Miyajimaguchi",
        "operator": "Miyajima Matsudai",
        "region": "Setouchi",
        "distance_category": "Short",
        "intermediate_stops": "",
        "notes": ""
      },
      "geometry": null
    },
    {
      "type": "Feature",
      "properties": {
        "route": "Miyajima Matsudai: 宮島口桟橋 → 宮島桟橋",
        "role": "destination",
        "address": "宮島桟橋 広島県廿日市市(厳島)",
        "port_en": "Miyajima",
        "operator": "Miyajima Matsudai",
        "region": "Setouchi",
        "distance_category": "Short",
        "intermediate_stops": "",
        "notes": ""
      },
      "geometry": null
    },
    {
      "type": "Feature",
      "properties": {
        "route": "Setonaikai Kisen: 広島港(宇品) → 宮島桟橋",
        "role": "origin",
        "address": "広島港(宇品) 広島県広島市南区",
        "port_en": "Hiroshima (Ujina)",
        "operator": "Setonaikai Kisen",
        "region": "Setouchi",
        "distance_category": "Short",
        "intermediate_stops": "",
        "notes": "World Heritage Sea Route"
      },
      "geometry": null
    },
    {
      "type": "Feature",
      "properties": {
        "route": "Setonaikai Kisen: 広島港(宇品) → 宮島桟橋",
        "role": "destination",
        "address": "宮島桟橋 広島県廿日市市(厳島)",
        "port_en": "Miyajima",
        "operator": "Setonaikai Kisen",
        "region": "Setouchi",
        "distance_category": "Short",
        "intermediate_stops": "",
        "notes": "World Heritage Sea Route"
      },
      "geometry": null
    },
    {
      "type": "Feature",
      "properties": {
        "route": "Setonaikai Kisen: 広島港(宇品) → 松山観光港",
        "role": "origin",
        "address": "広島港(宇品) 広島県広島市南区",
        "port_en": "Hiroshima (Ujina)",
        "operator": "Setonaikai Kisen",
        "region": "Setouchi",
        "distance_category": "Short",
        "intermediate_stops": "Kure (some sailings)",
        "notes": "Super Jet / cruise ferry"
      },
      "geometry": null
    },
    {
      "type": "Feature",
      "properties": {
        "route": "Setonaikai Kisen: 広島港(宇品) → 松山観光港",
        "role": "destination",
        "address": "松山観光港 愛媛県松山市",
        "port_en": "Matsuyama",
        "operator": "Setonaikai Kisen",
        "region": "Setouchi",
        "distance_category": "Short",
        "intermediate_stops": "Kure (some sailings)",
        "notes": "Super Jet / cruise ferry"
      },
      "geometry": null
    },
    {
      "type": "Feature",
      "properties": {
        "route": "Setonaikai Kisen: 呉中央桟橋 → 松山観光港",
        "role": "origin",
        "address": "呉中央桟橋 広島県呉市",
        "port_en": "Kure",
        "operator": "Setonaikai Kisen",
        "region": "Setouchi",
        "distance_category": "Short",
        "intermediate_stops": "",
        "notes": ""
      },
      "geometry": null
    },
    {
      "type": "Feature",
      "properties": {
        "route": "Setonaikai Kisen: 呉中央桟橋 → 松山観光港",
        "role": "destination",
        "address": "松山観光港 愛媛県松山市",
        "port_en": "Matsuyama",
        "operator": "Setonaikai Kisen",
        "region": "Setouchi",
        "distance_category": "Short",
        "intermediate_stops": "",
        "notes": ""
      },
      "geometry": null
    },
    {
      "type": "Feature",
      "properties": {
        "route": "Setonaikai Kisen: 宮島桟橋 → 呉中央桟橋",
        "role": "origin",
        "address": "宮島桟橋 広島県廿日市市(厳島)",
        "port_en": "Miyajima",
        "operator": "Setonaikai Kisen",
        "region": "Setouchi",
        "distance_category": "Short",
        "intermediate_stops": "",
        "notes": ""
      },
      "geometry": null
    },
    {
      "type": "Feature",
      "properties": {
        "route": "Setonaikai Kisen: 宮島桟橋 → 呉中央桟橋",
        "role": "destination",
        "address": "呉中央桟橋 広島県呉市",
        "port_en": "Kure",
        "operator": "Setonaikai Kisen",
        "region": "Setouchi",
        "distance_category": "Short",
        "intermediate_stops": "",
        "notes": ""
      },
      "geometry": null
    },
    {
      "type": "Feature",
      "properties": {
        "route": "Ishizaki Kisen: 松山観光港 → 広島港(宇品)",
        "role": "origin",
        "address": "松山観光港 愛媛県松山市",
        "port_en": "Matsuyama",
        "operator": "Ishizaki Kisen",
        "region": "Setouchi",
        "distance_category": "Short",
        "intermediate_stops": "Kure",
        "notes": "Super Jet"
      },
      "geometry": null
    },
    {
      "type": "Feature",
      "properties": {
        "route": "Ishizaki Kisen: 松山観光港 → 広島港(宇品)",
        "role": "destination",
        "address": "広島港(宇品) 広島県広島市南区",
        "port_en": "Hiroshima (Ujina)",
        "operator": "Ishizaki Kisen",
        "region": "Setouchi",
        "distance_category": "Short",
        "intermediate_stops": "Kure",
        "notes": "Super Jet"
      },
      "geometry": null
    },
    {
      "type": "Feature",
      "properties": {
        "route": "Omishima Ferry: 忠海港 → 盛港",
        "role": "origin",
        "address": "忠海港 広島県竹原市忠海",
        "port_en": "Tadanoumi",
        "operator": "Omishima Ferry",
        "region": "Setouchi",
        "distance_category": "Short",
        "intermediate_stops": "Okunoshima",
        "notes": ""
      },
      "geometry": null
    },
    {
      "type": "Feature",
      "properties": {
        "route": "Omishima Ferry: 忠海港 → 盛港",
        "role": "destination",
        "address": "盛港 愛媛県今治市(大三島)",
        "port_en": "Omishima (Moriura)",
        "operator": "Omishima Ferry",
        "region": "Setouchi",
        "distance_category": "Short",
        "intermediate_stops": "Okunoshima",
        "notes": ""
      },
      "geometry": null
    },
    {
      "type": "Feature",
      "properties": {
        "route": "Habu Shoun: 土生港 → 瀬戸田港",
        "role": "origin",
        "address": "土生港 広島県尾道市因島",
        "port_en": "Innoshima (Habu)",
        "operator": "Habu Shoun",
        "region": "Setouchi",
        "distance_category": "Short",
        "intermediate_stops": "",
        "notes": ""
      },
      "geometry": null
    },
    {
      "type": "Feature",
      "properties": {
        "route": "Habu Shoun: 土生港 → 瀬戸田港",
        "role": "destination",
        "address": "瀬戸田港 広島県尾道市(生口島)",
        "port_en": "Ikuchijima (Setoda)",
        "operator": "Habu Shoun",
        "region": "Setouchi",
        "distance_category": "Short",
        "intermediate_stops": "",
        "notes": ""
      },
      "geometry": null
    },
    {
      "type": "Feature",
      "properties": {
        "route": "Setouchi Cruising: 尾道港 → 瀬戸田港",
        "role": "origin",
        "address": "尾道港 広島県尾道市",
        "port_en": "Onomichi",
        "operator": "Setouchi Cruising",
        "region": "Setouchi",
        "distance_category": "Short",
        "intermediate_stops": "",
        "notes": ""
      },
      "geometry": null
    },
    {
      "type": "Feature",
      "properties": {
        "route": "Setouchi Cruising: 尾道港 → 瀬戸田港",
        "role": "destination",
        "address": "瀬戸田港 広島県尾道市(生口島)",
        "port_en": "Ikuchijima (Setoda)",
        "operator": "Setouchi Cruising",
        "region": "Setouchi",
        "distance_category": "Short",
        "intermediate_stops": "",
        "notes": ""
      },
      "geometry": null
    },
    {
      "type": "Feature",
      "properties": {
        "route": "Maruto Kisen: 三原港 → 瀬戸田港",
        "role": "origin",
        "address": "三原港 広島県三原市",
        "port_en": "Mihara",
        "operator": "Maruto Kisen",
        "region": "Setouchi",
        "distance_category": "Short",
        "intermediate_stops": "Osakikamijima",
        "notes": ""
      },
      "geometry": null
    },
    {
      "type": "Feature",
      "properties": {
        "route": "Maruto Kisen: 三原港 → 瀬戸田港",
        "role": "destination",
        "address": "瀬戸田港 広島県尾道市(生口島)",
        "port_en": "Ikuchijima (Setoda)",
        "operator": "Maruto Kisen",
        "region": "Setouchi",
        "distance_category": "Short",
        "intermediate_stops": "Osakikamijima",
        "notes": ""
      },
      "geometry": null
    },
    {
      "type": "Feature",
      "properties": {
        "route": "Sanyo Shosen: 竹原港 → 白水港",
        "role": "origin",
        "address": "竹原港 広島県竹原市",
        "port_en": "Takehara",
        "operator": "Sanyo Shosen",
        "region": "Setouchi",
        "distance_category": "Short",
        "intermediate_stops": "",
        "notes": ""
      },
      "geometry": null
    },
    {
      "type": "Feature",
      "properties": {
        "route": "Sanyo Shosen: 竹原港 → 白水港",
        "role": "destination",
        "address": "白水港 広島県豊田郡大崎上島町(大崎上島)",
        "port_en": "Osakikamijima",
        "operator": "Sanyo Shosen",
        "region": "Setouchi",
        "distance_category": "Short",
        "intermediate_stops": "",
        "notes": ""
      },
      "geometry": null
    },
    {
      "type": "Feature",
      "properties": {
        "route": "Osaki Kisen: 竹原港 → 白水港",
        "role": "origin",
        "address": "竹原港 広島県竹原市",
        "port_en": "Takehara",
        "operator": "Osaki Kisen",
        "region": "Setouchi",
        "distance_category": "Short",
        "intermediate_stops": "",
        "notes": ""
      },
      "geometry": null
    },
    {
      "type": "Feature",
      "properties": {
        "route": "Osaki Kisen: 竹原港 → 白水港",
        "role": "destination",
        "address": "白水港 広島県豊田郡大崎上島町(大崎上島)",
        "port_en": "Osakikamijima",
        "operator": "Osaki Kisen",
        "region": "Setouchi",
        "distance_category": "Short",
        "intermediate_stops": "",
        "notes": ""
      },
      "geometry": null
    },
    {
      "type": "Feature",
      "properties": {
        "route": "Akitsu Ferry: 安芸津港 → 白水港",
        "role": "origin",
        "address": "安芸津港 広島県東広島市安芸津町",
        "port_en": "Akitsu",
        "operator": "Akitsu Ferry",
        "region": "Setouchi",
        "distance_category": "Short",
        "intermediate_stops": "",
        "notes": ""
      },
      "geometry": null
    },
    {
      "type": "Feature",
      "properties": {
        "route": "Akitsu Ferry: 安芸津港 → 白水港",
        "role": "destination",
        "address": "白水港 広島県豊田郡大崎上島町(大崎上島)",
        "port_en": "Osakikamijima",
        "operator": "Akitsu Ferry",
        "region": "Setouchi",
        "distance_category": "Short",
        "intermediate_stops": "",
        "notes": ""
      },
      "geometry": null
    },
    {
      "type": "Feature",
      "properties": {
        "route": "Geiyo Kisen: 今治港 → 土生港",
        "role": "origin",
        "address": "今治港 愛媛県今治市",
        "port_en": "Imabari",
        "operator": "Geiyo Kisen",
        "region": "Setouchi",
        "distance_category": "Short",
        "intermediate_stops": "Oshima(Ehime), Hakatajima, Iwagi",
        "notes": ""
      },
      "geometry": null
    },
    {
      "type": "Feature",
      "properties": {
        "route": "Geiyo Kisen: 今治港 → 土生港",
        "role": "destination",
        "address": "土生港 広島県尾道市因島",
        "port_en": "Innoshima (Habu)",
        "operator": "Geiyo Kisen",
        "region": "Setouchi",
        "distance_category": "Short",
        "intermediate_stops": "Oshima(Ehime), Hakatajima, Iwagi",
        "notes": ""
      },
      "geometry": null
    },
    {
      "type": "Feature",
      "properties": {
        "route": "Sanko Kisen: 土生港 → 瀬戸田港",
        "role": "origin",
        "address": "土生港 広島県尾道市因島",
        "port_en": "Innoshima (Habu)",
        "operator": "Sanko Kisen",
        "region": "Setouchi",
        "distance_category": "Short",
        "intermediate_stops": "",
        "notes": ""
      },
      "geometry": null
    },
    {
      "type": "Feature",
      "properties": {
        "route": "Sanko Kisen: 土生港 → 瀬戸田港",
        "role": "destination",
        "address": "瀬戸田港 広島県尾道市(生口島)",
        "port_en": "Ikuchijima (Setoda)",
        "operator": "Sanko Kisen",
        "region": "Setouchi",
        "distance_category": "Short",
        "intermediate_stops": "",
        "notes": ""
      },
      "geometry": null
    },
    {
      "type": "Feature",
      "properties": {
        "route": "Bouzu Ferry: 柳井港 → 松山観光港",
        "role": "origin",
        "address": "柳井港 山口県柳井市",
        "port_en": "Yanai",
        "operator": "Bouzu Ferry",
        "region": "Suo-Nada",
        "distance_category": "Short",
        "intermediate_stops": "Iwakuni island stops",
        "notes": ""
      },
      "geometry": null
    },
    {
      "type": "Feature",
      "properties": {
        "route": "Bouzu Ferry: 柳井港 → 松山観光港",
        "role": "destination",
        "address": "松山観光港 愛媛県松山市",
        "port_en": "Matsuyama",
        "operator": "Bouzu Ferry",
        "region": "Suo-Nada",
        "distance_category": "Short",
        "intermediate_stops": "Iwakuni island stops",
        "notes": ""
      },
      "geometry": null
    },
    {
      "type": "Feature",
      "properties": {
        "route": "Oki Kisen: 境港 → 西郷港",
        "role": "origin",
        "address": "境港 鳥取県境港市",
        "port_en": "Sakaiminato",
        "operator": "Oki Kisen",
        "region": "San-in",
        "distance_category": "Short",
        "intermediate_stops": "Dozen ports",
        "notes": ""
      },
      "geometry": null
    },
    {
      "type": "Feature",
      "properties": {
        "route": "Oki Kisen: 境港 → 西郷港",
        "role": "destination",
        "address": "西郷港 島根県隠岐郡隠岐の島町(隠岐島後)",
        "port_en": "Saigo (Oki Dogo)",
        "operator": "Oki Kisen",
        "region": "San-in",
        "distance_category": "Short",
        "intermediate_stops": "Dozen ports",
        "notes": ""
      },
      "geometry": null
    },
    {
      "type": "Feature",
      "properties": {
        "route": "Oki Kisen: 七類港 → 西郷港",
        "role": "origin",
        "address": "七類港 島根県松江市美保関町",
        "port_en": "Shichirui",
        "operator": "Oki Kisen",
        "region": "San-in",
        "distance_category": "Short",
        "intermediate_stops": "Dozen ports",
        "notes": ""
      },
      "geometry": null
    },
    {
      "type": "Feature",
      "properties": {
        "route": "Oki Kisen: 七類港 → 西郷港",
        "role": "destination",
        "address": "西郷港 島根県隠岐郡隠岐の島町(隠岐島後)",
        "port_en": "Saigo (Oki Dogo)",
        "operator": "Oki Kisen",
        "region": "San-in",
        "distance_category": "Short",
        "intermediate_stops": "Dozen ports",
        "notes": ""
      },
      "geometry": null
    },
    {
      "type": "Feature",
      "properties": {
        "route": "Oki Kisen (Inter-Island): 西郷港 → 菱浦港",
        "role": "origin",
        "address": "西郷港 島根県隠岐郡隠岐の島町(隠岐島後)",
        "port_en": "Saigo (Oki Dogo)",
        "operator": "Oki Kisen (Inter-Island)",
        "region": "San-in",
        "distance_category": "Short",
        "intermediate_stops": "",
        "notes": ""
      },
      "geometry": null
    },
    {
      "type": "Feature",
      "properties": {
        "route": "Oki Kisen (Inter-Island): 西郷港 → 菱浦港",
        "role": "destination",
        "address": "菱浦港 島根県隠岐郡海士町(中ノ島)",
        "port_en": "Dozen (Hishiura)",
        "operator": "Oki Kisen (Inter-Island)",
        "region": "San-in",
        "distance_category": "Short",
        "intermediate_stops": "",
        "notes": ""
      },
      "geometry": null
    },
    {
      "type": "Feature",
      "properties": {
        "route": "Oki Kisen (Inter-Island): 菱浦港 → 別府港",
        "role": "origin",
        "address": "菱浦港 島根県隠岐郡海士町(中ノ島)",
        "port_en": "Dozen (Hishiura)",
        "operator": "Oki Kisen (Inter-Island)",
        "region": "San-in",
        "distance_category": "Short",
        "intermediate_stops": "",
        "notes": ""
      },
      "geometry": null
    },
    {
      "type": "Feature",
      "properties": {
        "route": "Oki Kisen (Inter-Island): 菱浦港 → 別府港",
        "role": "destination",
        "address": "別府港 島根県隠岐郡西ノ島町(西ノ島)",
        "port_en": "Dozen (Beppu)",
        "operator": "Oki Kisen (Inter-Island)",
        "region": "San-in",
        "distance_category": "Short",
        "intermediate_stops": "",
        "notes": ""
      },
      "geometry": null
    },
    {
      "type": "Feature",
      "properties": {
        "route": "Oki Kisen (Inter-Island): 別府港 → 来居港",
        "role": "origin",
        "address": "別府港 島根県隠岐郡西ノ島町(西ノ島)",
        "port_en": "Dozen (Beppu)",
        "operator": "Oki Kisen (Inter-Island)",
        "region": "San-in",
        "distance_category": "Short",
        "intermediate_stops": "",
        "notes": ""
      },
      "geometry": null
    },
    {
      "type": "Feature",
      "properties": {
        "route": "Oki Kisen (Inter-Island): 別府港 → 来居港",
        "role": "destination",
        "address": "来居港 島根県隠岐郡知夫村(知夫里島)",
        "port_en": "Dozen (Kurii)",
        "operator": "Oki Kisen (Inter-Island)",
        "region": "San-in",
        "distance_category": "Short",
        "intermediate_stops": "",
        "notes": ""
      },
      "geometry": null
    },
    {
      "type": "Feature",
      "properties": {
        "route": "Hagi Kaiun: 萩商港 → 見島港",
        "role": "origin",
        "address": "萩商港 山口県萩市",
        "port_en": "Hagi",
        "operator": "Hagi Kaiun",
        "region": "San-in",
        "distance_category": "Short",
        "intermediate_stops": "",
        "notes": ""
      },
      "geometry": null
    },
    {
      "type": "Feature",
      "properties": {
        "route": "Hagi Kaiun: 萩商港 → 見島港",
        "role": "destination",
        "address": "見島港 山口県萩市(見島)",
        "port_en": "Mishima (Yamaguchi)",
        "operator": "Hagi Kaiun",
        "region": "San-in",
        "distance_category": "Short",
        "intermediate_stops": "",
        "notes": ""
      },
      "geometry": null
    },
    {
      "type": "Feature",
      "properties": {
        "route": "Kanmon Kisen: 下関港 → 門司港",
        "role": "origin",
        "address": "下関港 山口県下関市",
        "port_en": "Shimonoseki",
        "operator": "Kanmon Kisen",
        "region": "Kanmon",
        "distance_category": "Short",
        "intermediate_stops": "",
        "notes": "Kanmon Ferry"
      },
      "geometry": null
    },
    {
      "type": "Feature",
      "properties": {
        "route": "Kanmon Kisen: 下関港 → 門司港",
        "role": "destination",
        "address": "門司港 福岡県北九州市門司区",
        "port_en": "Moji",
        "operator": "Kanmon Kisen",
        "region": "Kanmon",
        "distance_category": "Short",
        "intermediate_stops": "",
        "notes": "Kanmon Ferry"
      },
      "geometry": null
    },
    {
      "type": "Feature",
      "properties": {
        "route": "Suonada Ferry: 徳山港 → 竹田津港",
        "role": "origin",
        "address": "徳山港 山口県周南市",
        "port_en": "Tokuyama",
        "operator": "Suonada Ferry",
        "region": "Suo-Nada",
        "distance_category": "Short",
        "intermediate_stops": "",
        "notes": ""
      },
      "geometry": null
    },
    {
      "type": "Feature",
      "properties": {
        "route": "Suonada Ferry: 徳山港 → 竹田津港",
        "role": "destination",
        "address": "竹田津港 大分県国東市国見町",
        "port_en": "Taketazu",
        "operator": "Suonada Ferry",
        "region": "Suo-Nada",
        "distance_category": "Short",
        "intermediate_stops": "",
        "notes": ""
      },
      "geometry": null
    },
    {
      "type": "Feature",
      "properties": {
        "route": "Shikoku Orange Ferry: 大阪南港フェリーターミナル → 東予港",
        "role": "origin",
        "address": "大阪南港フェリーターミナル 大阪府大阪市住之江区",
        "port_en": "Osaka (Nanko)",
        "operator": "Shikoku Orange Ferry",
        "region": "Setouchi",
        "distance_category": "Medium",
        "intermediate_stops": "",
        "notes": "Overnight"
      },
      "geometry": null
    },
    {
      "type": "Feature",
      "properties": {
        "route": "Shikoku Orange Ferry: 大阪南港フェリーターミナル → 東予港",
        "role": "destination",
        "address": "東予港 愛媛県西条市",
        "port_en": "Niihama (Toyo)",
        "operator": "Shikoku Orange Ferry",
        "region": "Setouchi",
        "distance_category": "Medium",
        "intermediate_stops": "",
        "notes": "Overnight"
      },
      "geometry": null
    },
    {
      "type": "Feature",
      "properties": {
        "route": "Route 94 Ferry: 佐賀関港 → 三崎港",
        "role": "origin",
        "address": "佐賀関港 大分県大分市佐賀関",
        "port_en": "Saganoseki",
        "operator": "Route 94 Ferry",
        "region": "Bungo Channel",
        "distance_category": "Short",
        "intermediate_stops": "",
        "notes": ""
      },
      "geometry": null
    },
    {
      "type": "Feature",
      "properties": {
        "route": "Route 94 Ferry: 佐賀関港 → 三崎港",
        "role": "destination",
        "address": "三崎港 愛媛県西宇和郡伊方町",
        "port_en": "Misaki",
        "operator": "Route 94 Ferry",
        "region": "Bungo Channel",
        "distance_category": "Short",
        "intermediate_stops": "",
        "notes": ""
      },
      "geometry": null
    },
    {
      "type": "Feature",
      "properties": {
        "route": "Uwajima Unyu: 八幡浜港 → 別府国際観光港",
        "role": "origin",
        "address": "八幡浜港 愛媛県八幡浜市",
        "port_en": "Yawatahama",
        "operator": "Uwajima Unyu",
        "region": "Bungo Channel",
        "distance_category": "Short",
        "intermediate_stops": "",
        "notes": ""
      },
      "geometry": null
    },
    {
      "type": "Feature",
      "properties": {
        "route": "Uwajima Unyu: 八幡浜港 → 別府国際観光港",
        "role": "destination",
        "address": "別府国際観光港 大分県別府市",
        "port_en": "Beppu",
        "operator": "Uwajima Unyu",
        "region": "Bungo Channel",
        "distance_category": "Short",
        "intermediate_stops": "",
        "notes": ""
      },
      "geometry": null
    },
    {
      "type": "Feature",
      "properties": {
        "route": "Uwajima Unyu: 八幡浜港 → 臼杵港",
        "role": "origin",
        "address": "八幡浜港 愛媛県八幡浜市",
        "port_en": "Yawatahama",
        "operator": "Uwajima Unyu",
        "region": "Bungo Channel",
        "distance_category": "Short",
        "intermediate_stops": "",
        "notes": ""
      },
      "geometry": null
    },
    {
      "type": "Feature",
      "properties": {
        "route": "Uwajima Unyu: 八幡浜港 → 臼杵港",
        "role": "destination",
        "address": "臼杵港 大分県臼杵市",
        "port_en": "Usuki",
        "operator": "Uwajima Unyu",
        "region": "Bungo Channel",
        "distance_category": "Short",
        "intermediate_stops": "",
        "notes": ""
      },
      "geometry": null
    },
    {
      "type": "Feature",
      "properties": {
        "route": "Sukumo Ferry: 宿毛湾港 → 佐伯港",
        "role": "origin",
        "address": "宿毛湾港 高知県宿毛市",
        "port_en": "Sukumo",
        "operator": "Sukumo Ferry",
        "region": "Bungo Channel",
        "distance_category": "Short",
        "intermediate_stops": "",
        "notes": ""
      },
      "geometry": null
    },
    {
      "type": "Feature",
      "properties": {
        "route": "Sukumo Ferry: 宿毛湾港 → 佐伯港",
        "role": "destination",
        "address": "佐伯港 大分県佐伯市",
        "port_en": "Saiki",
        "operator": "Sukumo Ferry",
        "region": "Bungo Channel",
        "distance_category": "Short",
        "intermediate_stops": "",
        "notes": ""
      },
      "geometry": null
    },
    {
      "type": "Feature",
      "properties": {
        "route": "Kyushu Yusen: 博多港国際ターミナル → 厳原港",
        "role": "origin",
        "address": "博多港国際ターミナル 福岡県福岡市博多区",
        "port_en": "Fukuoka (Hakata)",
        "operator": "Kyushu Yusen",
        "region": "Genkai Sea",
        "distance_category": "Medium",
        "intermediate_stops": "Iki (Ashibe)",
        "notes": ""
      },
      "geometry": null
    },
    {
      "type": "Feature",
      "properties": {
        "route": "Kyushu Yusen: 博多港国際ターミナル → 厳原港",
        "role": "destination",
        "address": "厳原港 長崎県対馬市(対馬)",
        "port_en": "Tsushima (Izuhara)",
        "operator": "Kyushu Yusen",
        "region": "Genkai Sea",
        "distance_category": "Medium",
        "intermediate_stops": "Iki (Ashibe)",
        "notes": ""
      },
      "geometry": null
    },
    {
      "type": "Feature",
      "properties": {
        "route": "Kyushu Yusen: 博多港国際ターミナル → 芦辺港",
        "role": "origin",
        "address": "博多港国際ターミナル 福岡県福岡市博多区",
        "port_en": "Fukuoka (Hakata)",
        "operator": "Kyushu Yusen",
        "region": "Genkai Sea",
        "distance_category": "Short",
        "intermediate_stops": "",
        "notes": ""
      },
      "geometry": null
    },
    {
      "type": "Feature",
      "properties": {
        "route": "Kyushu Yusen: 博多港国際ターミナル → 芦辺港",
        "role": "destination",
        "address": "芦辺港 長崎県壱岐市(壱岐島)",
        "port_en": "Iki (Ashibe)",
        "operator": "Kyushu Yusen",
        "region": "Genkai Sea",
        "distance_category": "Short",
        "intermediate_stops": "",
        "notes": ""
      },
      "geometry": null
    },
    {
      "type": "Feature",
      "properties": {
        "route": "Kyushu Yusen: 博多港国際ターミナル → 福江港",
        "role": "origin",
        "address": "博多港国際ターミナル 福岡県福岡市博多区",
        "port_en": "Fukuoka (Hakata)",
        "operator": "Kyushu Yusen",
        "region": "Genkai Sea",
        "distance_category": "Medium",
        "intermediate_stops": "Naru (some sailings)",
        "notes": "Goto route"
      },
      "geometry": null
    },
    {
      "type": "Feature",
      "properties": {
        "route": "Kyushu Yusen: 博多港国際ターミナル → 福江港",
        "role": "destination",
        "address": "福江港 長崎県五島市(福江島)",
        "port_en": "Fukue (Goto)",
        "operator": "Kyushu Yusen",
        "region": "Genkai Sea",
        "distance_category": "Medium",
        "intermediate_stops": "Naru (some sailings)",
        "notes": "Goto route"
      },
      "geometry": null
    },
    {
      "type": "Feature",
      "properties": {
        "route": "Iki-Tsushima Ferry: 唐津東港 → 印通寺港",
        "role": "origin",
        "address": "唐津東港 佐賀県唐津市",
        "port_en": "Karatsu",
        "operator": "Iki-Tsushima Ferry",
        "region": "Genkai Sea",
        "distance_category": "Short",
        "intermediate_stops": "",
        "notes": ""
      },
      "geometry": null
    },
    {
      "type": "Feature",
      "properties": {
        "route": "Iki-Tsushima Ferry: 唐津東港 → 印通寺港",
        "role": "destination",
        "address": "印通寺港 長崎県壱岐市(壱岐島)",
        "port_en": "Iki (Indoji)",
        "operator": "Iki-Tsushima Ferry",
        "region": "Genkai Sea",
        "distance_category": "Short",
        "intermediate_stops": "",
        "notes": ""
      },
      "geometry": null
    },
    {
      "type": "Feature",
      "properties": {
        "route": "Yobuko Kaiun: 呼子港 → 印通寺港",
        "role": "origin",
        "address": "呼子港 佐賀県唐津市呼子町",
        "port_en": "Yobuko",
        "operator": "Yobuko Kaiun",
        "region": "Genkai Sea",
        "distance_category": "Short",
        "intermediate_stops": "Madara, Kakara",
        "notes": ""
      },
      "geometry": null
    },
    {
      "type": "Feature",
      "properties": {
        "route": "Yobuko Kaiun: 呼子港 → 印通寺港",
        "role": "destination",
        "address": "印通寺港 長崎県壱岐市(壱岐島)",
        "port_en": "Iki (Indoji)",
        "operator": "Yobuko Kaiun",
        "region": "Genkai Sea",
        "distance_category": "Short",
        "intermediate_stops": "Madara, Kakara",
        "notes": ""
      },
      "geometry": null
    },
    {
      "type": "Feature",
      "properties": {
        "route": "Goto Sangyo Kisen: 長崎港 → 鯛ノ浦港",
        "role": "origin",
        "address": "長崎港 長崎県長崎市",
        "port_en": "Nagasaki",
        "operator": "Goto Sangyo Kisen",
        "region": "Goto",
        "distance_category": "Short",
        "intermediate_stops": "",
        "notes": "Kamigoto"
      },
      "geometry": null
    },
    {
      "type": "Feature",
      "properties": {
        "route": "Goto Sangyo Kisen: 長崎港 → 鯛ノ浦港",
        "role": "destination",
        "address": "鯛ノ浦港 長崎県南松浦郡新上五島町",
        "port_en": "Tainoura (Kamigoto)",
        "operator": "Goto Sangyo Kisen",
        "region": "Goto",
        "distance_category": "Short",
        "intermediate_stops": "",
        "notes": "Kamigoto"
      },
      "geometry": null
    },
    {
      "type": "Feature",
      "properties": {
        "route": "Nomo Shosen: 長崎港 → 福江港",
        "role": "origin",
        "address": "長崎港 長崎県長崎市",
        "port_en": "Nagasaki",
        "operator": "Nomo Shosen",
        "region": "Kyushu",
        "distance_category": "Short",
        "intermediate_stops": "",
        "notes": "Goto route"
      },
      "geometry": null
    },
    {
      "type": "Feature",
      "properties": {
        "route": "Nomo Shosen: 長崎港 → 福江港",
        "role": "destination",
        "address": "福江港 長崎県五島市(福江島)",
        "port_en": "Fukue (Goto)",
        "operator": "Nomo Shosen",
        "region": "Kyushu",
        "distance_category": "Short",
        "intermediate_stops": "",
        "notes": "Goto route"
      },
      "geometry": null
    },
    {
      "type": "Feature",
      "properties": {
        "route": "Kyushu Shosen: 佐世保港 → 奈良尾港",
        "role": "origin",
        "address": "佐世保港 長崎県佐世保市",
        "port_en": "Sasebo",
        "operator": "Kyushu Shosen",
        "region": "Kyushu",
        "distance_category": "Short",
        "intermediate_stops": "Aokata, Tainoura",
        "notes": "Kamigoto"
      },
      "geometry": null
    },
    {
      "type": "Feature",
      "properties": {
        "route": "Kyushu Shosen: 佐世保港 → 奈良尾港",
        "role": "destination",
        "address": "奈良尾港 長崎県南松浦郡新上五島町",
        "port_en": "Narao (Kamigoto)",
        "operator": "Kyushu Shosen",
        "region": "Kyushu",
        "distance_category": "Short",
        "intermediate_stops": "Aokata, Tainoura",
        "notes": "Kamigoto"
      },
      "geometry": null
    },
    {
      "type": "Feature",
      "properties": {
        "route": "Kyushu Shosen: 長崎港 → 福江港",
        "role": "origin",
        "address": "長崎港 長崎県長崎市",
        "port_en": "Nagasaki",
        "operator": "Kyushu Shosen",
        "region": "Kyushu",
        "distance_category": "Short",
        "intermediate_stops": "Naru",
        "notes": ""
      },
      "geometry": null
    },
    {
      "type": "Feature",
      "properties": {
        "route": "Kyushu Shosen: 長崎港 → 福江港",
        "role": "destination",
        "address": "福江港 長崎県五島市(福江島)",
        "port_en": "Fukue (Goto)",
        "operator": "Kyushu Shosen",
        "region": "Kyushu",
        "distance_category": "Short",
        "intermediate_stops": "Naru",
        "notes": ""
      },
      "geometry": null
    },
    {
      "type": "Feature",
      "properties": {
        "route": "Yasuda Sangyo: 時津港 → 長崎空港",
        "role": "origin",
        "address": "時津港 長崎県西彼杵郡時津町",
        "port_en": "Togitsu",
        "operator": "Yasuda Sangyo",
        "region": "Kyushu",
        "distance_category": "Short",
        "intermediate_stops": "",
        "notes": ""
      },
      "geometry": null
    },
    {
      "type": "Feature",
      "properties": {
        "route": "Yasuda Sangyo: 時津港 → 長崎空港",
        "role": "destination",
        "address": "長崎空港 長崎県大村市箕島町",
        "port_en": "Nagasaki Airport",
        "operator": "Yasuda Sangyo",
        "region": "Kyushu",
        "distance_category": "Short",
        "intermediate_stops": "",
        "notes": ""
      },
      "geometry": null
    },
    {
      "type": "Feature",
      "properties": {
        "route": "Yasuda Sangyo: 長崎空港 → ハウステンボス",
        "role": "origin",
        "address": "長崎空港 長崎県大村市箕島町",
        "port_en": "Nagasaki Airport",
        "operator": "Yasuda Sangyo",
        "region": "Kyushu",
        "distance_category": "Short",
        "intermediate_stops": "",
        "notes": ""
      },
      "geometry": null
    },
    {
      "type": "Feature",
      "properties": {
        "route": "Yasuda Sangyo: 長崎空港 → ハウステンボス",
        "role": "destination",
        "address": "ハウステンボス 長崎県佐世保市",
        "port_en": "Huis Ten Bosch",
        "operator": "Yasuda Sangyo",
        "region": "Kyushu",
        "distance_category": "Short",
        "intermediate_stops": "",
        "notes": ""
      },
      "geometry": null
    },
    {
      "type": "Feature",
      "properties": {
        "route": "Yasuda Sangyo: 博多港国際ターミナル → 海の中道海浜公園",
        "role": "origin",
        "address": "博多港国際ターミナル 福岡県福岡市博多区",
        "port_en": "Fukuoka (Hakata)",
        "operator": "Yasuda Sangyo",
        "region": "Kyushu",
        "distance_category": "Short",
        "intermediate_stops": "",
        "notes": ""
      },
      "geometry": null
    },
    {
      "type": "Feature",
      "properties": {
        "route": "Yasuda Sangyo: 博多港国際ターミナル → 海の中道海浜公園",
        "role": "destination",
        "address": "海の中道海浜公園 福岡県福岡市東区",
        "port_en": "Uminonakamichi",
        "operator": "Yasuda Sangyo",
        "region": "Kyushu",
        "distance_category": "Short",
        "intermediate_stops": "",
        "notes": ""
      },
      "geometry": null
    },
    {
      "type": "Feature",
      "properties": {
        "route": "Yasuda Sangyo: ベイサイドプレイス博多 → 海の中道海浜公園",
        "role": "origin",
        "address": "ベイサイドプレイス博多 福岡県福岡市博多区",
        "port_en": "Momochi (Bayside)",
        "operator": "Yasuda Sangyo",
        "region": "Kyushu",
        "distance_category": "Short",
        "intermediate_stops": "",
        "notes": ""
      },
      "geometry": null
    },
    {
      "type": "Feature",
      "properties": {
        "route": "Yasuda Sangyo: ベイサイドプレイス博多 → 海の中道海浜公園",
        "role": "destination",
        "address": "海の中道海浜公園 福岡県福岡市東区",
        "port_en": "Uminonakamichi",
        "operator": "Yasuda Sangyo",
        "region": "Kyushu",
        "distance_category": "Short",
        "intermediate_stops": "",
        "notes": ""
      },
      "geometry": null
    },
    {
      "type": "Feature",
      "properties": {
        "route": "Ariake Ferry: 多比良港 → 長洲港",
        "role": "origin",
        "address": "多比良港 長崎県雲仙市国見町",
        "port_en": "Tabira",
        "operator": "Ariake Ferry",
        "region": "Ariake Sea",
        "distance_category": "Short",
        "intermediate_stops": "",
        "notes": ""
      },
      "geometry": null
    },
    {
      "type": "Feature",
      "properties": {
        "route": "Ariake Ferry: 多比良港 → 長洲港",
        "role": "destination",
        "address": "長洲港 熊本県玉名郡長洲町",
        "port_en": "Nagasu",
        "operator": "Ariake Ferry",
        "region": "Ariake Sea",
        "distance_category": "Short",
        "intermediate_stops": "",
        "notes": ""
      },
      "geometry": null
    },
    {
      "type": "Feature",
      "properties": {
        "route": "Kumamoto Ferry: 熊本港 → 島原外港",
        "role": "origin",
        "address": "熊本港 熊本県熊本市西区",
        "port_en": "Kumamoto",
        "operator": "Kumamoto Ferry",
        "region": "Ariake Sea",
        "distance_category": "Short",
        "intermediate_stops": "",
        "notes": ""
      },
      "geometry": null
    },
    {
      "type": "Feature",
      "properties": {
        "route": "Kumamoto Ferry: 熊本港 → 島原外港",
        "role": "destination",
        "address": "島原外港 長崎県島原市",
        "port_en": "Shimabara Gaiko",
        "operator": "Kumamoto Ferry",
        "region": "Ariake Sea",
        "distance_category": "Short",
        "intermediate_stops": "",
        "notes": ""
      },
      "geometry": null
    },
    {
      "type": "Feature",
      "properties": {
        "route": "Kyusho Ferry: 熊本港 → 島原港",
        "role": "origin",
        "address": "熊本港 熊本県熊本市西区",
        "port_en": "Kumamoto",
        "operator": "Kyusho Ferry",
        "region": "Ariake Sea",
        "distance_category": "Short",
        "intermediate_stops": "",
        "notes": ""
      },
      "geometry": null
    },
    {
      "type": "Feature",
      "properties": {
        "route": "Kyusho Ferry: 熊本港 → 島原港",
        "role": "destination",
        "address": "島原港 長崎県島原市",
        "port_en": "Shimabara",
        "operator": "Kyusho Ferry",
        "region": "Ariake Sea",
        "distance_category": "Short",
        "intermediate_stops": "",
        "notes": ""
      },
      "geometry": null
    },
    {
      "type": "Feature",
      "properties": {
        "route": "Shimatetsu Ferry: 口之津港 → 鬼池港",
        "role": "origin",
        "address": "口之津港 長崎県南島原市口之津町",
        "port_en": "Kuchinotsu",
        "operator": "Shimatetsu Ferry",
        "region": "Ariake Sea",
        "distance_category": "Short",
        "intermediate_stops": "",
        "notes": ""
      },
      "geometry": null
    },
    {
      "type": "Feature",
      "properties": {
        "route": "Shimatetsu Ferry: 口之津港 → 鬼池港",
        "role": "destination",
        "address": "鬼池港 熊本県天草市五和町(天草下島)",
        "port_en": "Oniike (Amakusa)",
        "operator": "Shimatetsu Ferry",
        "region": "Ariake Sea",
        "distance_category": "Short",
        "intermediate_stops": "",
        "notes": ""
      },
      "geometry": null
    },
    {
      "type": "Feature",
      "properties": {
        "route": "Miike Shimabara Line: 三池港 → 島原港",
        "role": "origin",
        "address": "三池港 福岡県大牟田市新港町",
        "port_en": "Omuta (Miike)",
        "operator": "Miike Shimabara Line",
        "region": "Ariake Sea",
        "distance_category": "Short",
        "intermediate_stops": "",
        "notes": ""
      },
      "geometry": null
    },
    {
      "type": "Feature",
      "properties": {
        "route": "Miike Shimabara Line: 三池港 → 島原港",
        "role": "destination",
        "address": "島原港 長崎県島原市",
        "port_en": "Shimabara",
        "operator": "Miike Shimabara Line",
        "region": "Ariake Sea",
        "distance_category": "Short",
        "intermediate_stops": "",
        "notes": ""
      },
      "geometry": null
    },
    {
      "type": "Feature",
      "properties": {
        "route": "Sea Cruise Amakusa: 本渡港 → 三角港",
        "role": "origin",
        "address": "本渡港 熊本県天草市(天草下島)",
        "port_en": "Hondo (Amakusa)",
        "operator": "Sea Cruise Amakusa",
        "region": "Amakusa",
        "distance_category": "Short",
        "intermediate_stops": "Matsushima",
        "notes": ""
      },
      "geometry": null
    },
    {
      "type": "Feature",
      "properties": {
        "route": "Sea Cruise Amakusa: 本渡港 → 三角港",
        "role": "destination",
        "address": "三角港 熊本県宇城市三角町",
        "port_en": "Misumi",
        "operator": "Sea Cruise Amakusa",
        "region": "Amakusa",
        "distance_category": "Short",
        "intermediate_stops": "Matsushima",
        "notes": ""
      },
      "geometry": null
    },
    {
      "type": "Feature",
      "properties": {
        "route": "Tencho Ferry: 諸浦港 → 中田港",
        "role": "origin",
        "address": "諸浦港 鹿児島県出水郡長島町(長島)",
        "port_en": "Moroura (Nagashima)",
        "operator": "Tencho Ferry",
        "region": "Yatsushiro Sea",
        "distance_category": "Short",
        "intermediate_stops": "",
        "notes": ""
      },
      "geometry": null
    },
    {
      "type": "Feature",
      "properties": {
        "route": "Tencho Ferry: 諸浦港 → 中田港",
        "role": "destination",
        "address": "中田港 熊本県天草市御所浦町",
        "port_en": "Nakata (Amakusa)",
        "operator": "Tencho Ferry",
        "region": "Yatsushiro Sea",
        "distance_category": "Short",
        "intermediate_stops": "",
        "notes": ""
      },
      "geometry": null
    },
    {
      "type": "Feature",
      "properties": {
        "route": "Sanwa Ferry: 牛深港 → 蔵之元港",
        "role": "origin",
        "address": "牛深港 熊本県天草市牛深町(天草下島)",
        "port_en": "Ushibuka",
        "operator": "Sanwa Ferry",
        "region": "Amakusa",
        "distance_category": "Short",
        "intermediate_stops": "",
        "notes": ""
      },
      "geometry": null
    },
    {
      "type": "Feature",
      "properties": {
        "route": "Sanwa Ferry: 牛深港 → 蔵之元港",
        "role": "destination",
        "address": "蔵之元港 鹿児島県出水郡長島町(長島)",
        "port_en": "Kuranomoto (Nagashima)",
        "operator": "Sanwa Ferry",
        "region": "Amakusa",
        "distance_category": "Short",
        "intermediate_stops": "",
        "notes": ""
      },
      "geometry": null
    },
    {
      "type": "Feature",
      "properties": {
        "route": "Sakurajima Ferry: 鹿児島港北埠頭 → 桜島港",
        "role": "origin",
        "address": "鹿児島港北埠頭 鹿児島県鹿児島市",
        "port_en": "Kagoshima (North)",
        "operator": "Sakurajima Ferry",
        "region": "Kagoshima Bay",
        "distance_category": "Short",
        "intermediate_stops": "",
        "notes": "24h service"
      },
      "geometry": null
    },
    {
      "type": "Feature",
      "properties": {
        "route": "Sakurajima Ferry: 鹿児島港北埠頭 → 桜島港",
        "role": "destination",
        "address": "桜島港 鹿児島県鹿児島市桜島",
        "port_en": "Sakurajima",
        "operator": "Sakurajima Ferry",
        "region": "Kagoshima Bay",
        "distance_category": "Short",
        "intermediate_stops": "",
        "notes": "24h service"
      },
      "geometry": null
    },
    {
      "type": "Feature",
      "properties": {
        "route": "Kamoike-Tarumi Ferry: 鴨池港 → 垂水港",
        "role": "origin",
        "address": "鴨池港 鹿児島県鹿児島市",
        "port_en": "Kamoike",
        "operator": "Kamoike-Tarumi Ferry",
        "region": "Kagoshima Bay",
        "distance_category": "Short",
        "intermediate_stops": "",
        "notes": ""
      },
      "geometry": null
    },
    {
      "type": "Feature",
      "properties": {
        "route": "Kamoike-Tarumi Ferry: 鴨池港 → 垂水港",
        "role": "destination",
        "address": "垂水港 鹿児島県垂水市",
        "port_en": "Tarumi",
        "operator": "Kamoike-Tarumi Ferry",
        "region": "Kagoshima Bay",
        "distance_category": "Short",
        "intermediate_stops": "",
        "notes": ""
      },
      "geometry": null
    },
    {
      "type": "Feature",
      "properties": {
        "route": "Koshikijima Shosen: 串木野新港 → 里港",
        "role": "origin",
        "address": "串木野新港 鹿児島県いちき串木野市",
        "port_en": "Ichikikushikino",
        "operator": "Koshikijima Shosen",
        "region": "East China Sea",
        "distance_category": "Short",
        "intermediate_stops": "",
        "notes": ""
      },
      "geometry": null
    },
    {
      "type": "Feature",
      "properties": {
        "route": "Koshikijima Shosen: 串木野新港 → 里港",
        "role": "destination",
        "address": "里港 鹿児島県薩摩川内市(上甑島)",
        "port_en": "Koshiki (Satsuma)",
        "operator": "Koshikijima Shosen",
        "region": "East China Sea",
        "distance_category": "Short",
        "intermediate_stops": "",
        "notes": ""
      },
      "geometry": null
    },
    {
      "type": "Feature",
      "properties": {
        "route": "Mishima Village Ferry: 鹿児島新港 → 竹島港",
        "role": "origin",
        "address": "鹿児島新港 鹿児島県鹿児島市",
        "port_en": "Kagoshima (New Port)",
        "operator": "Mishima Village Ferry",
        "region": "Satsunan",
        "distance_category": "Short",
        "intermediate_stops": "Iwojima, Kuroshima",
        "notes": ""
      },
      "geometry": null
    },
    {
      "type": "Feature",
      "properties": {
        "route": "Mishima Village Ferry: 鹿児島新港 → 竹島港",
        "role": "destination",
        "address": "竹島港 鹿児島県鹿児島郡三島村(竹島)",
        "port_en": "Takeshima (Mishima)",
        "operator": "Mishima Village Ferry",
        "region": "Satsunan",
        "distance_category": "Short",
        "intermediate_stops": "Iwojima, Kuroshima",
        "notes": ""
      },
      "geometry": null
    },
    {
      "type": "Feature",
      "properties": {
        "route": "Cosmo Line: 鹿児島新港 → 西之表港",
        "role": "origin",
        "address": "鹿児島新港 鹿児島県鹿児島市",
        "port_en": "Kagoshima (New Port)",
        "operator": "Cosmo Line",
        "region": "Osumi",
        "distance_category": "Short",
        "intermediate_stops": "",
        "notes": ""
      },
      "geometry": null
    },
    {
      "type": "Feature",
      "properties": {
        "route": "Cosmo Line: 鹿児島新港 → 西之表港",
        "role": "destination",
        "address": "西之表港 鹿児島県西之表市(種子島)",
        "port_en": "Tanegashima (Nishi)",
        "operator": "Cosmo Line",
        "region": "Osumi",
        "distance_category": "Short",
        "intermediate_stops": "",
        "notes": ""
      },
      "geometry": null
    },
    {
      "type": "Feature",
      "properties": {
        "route": "Tanegashima High Speed: 鹿児島新港 → 西之表港",
        "role": "origin",
        "address": "鹿児島新港 鹿児島県鹿児島市",
        "port_en": "Kagoshima (New Port)",
        "operator": "Tanegashima High Speed",
        "region": "Osumi",
        "distance_category": "Short",
        "intermediate_stops": "",
        "notes": "Toppy / Rocket"
      },
      "geometry": null
    },
    {
      "type": "Feature",
      "properties": {
        "route": "Tanegashima High Speed: 鹿児島新港 → 西之表港",
        "role": "destination",
        "address": "西之表港 鹿児島県西之表市(種子島)",
        "port_en": "Tanegashima (Nishi)",
        "operator": "Tanegashima High Speed",
        "region": "Osumi",
        "distance_category": "Short",
        "intermediate_stops": "",
        "notes": "Toppy / Rocket"
      },
      "geometry": null
    },
    {
      "type": "Feature",
      "properties": {
        "route": "Tanegashima High Speed: 鹿児島新港 → 宮之浦港",
        "role": "origin",
        "address": "鹿児島新港 鹿児島県鹿児島市",
        "port_en": "Kagoshima (New Port)",
        "operator": "Tanegashima High Speed",
        "region": "Osumi",
        "distance_category": "Short",
        "intermediate_stops": "Tanegashima (some)",
        "notes": ""
      },
      "geometry": null
    },
    {
      "type": "Feature",
      "properties": {
        "route": "Tanegashima High Speed: 鹿児島新港 → 宮之浦港",
        "role": "destination",
        "address": "宮之浦港 鹿児島県熊毛郡屋久島町(屋久島)",
        "port_en": "Yakushima (Miyanoura)",
        "operator": "Tanegashima High Speed",
        "region": "Osumi",
        "distance_category": "Short",
        "intermediate_stops": "Tanegashima (some)",
        "notes": ""
      },
      "geometry": null
    },
    {
      "type": "Feature",
      "properties": {
        "route": "Tanegashima High Speed: 指宿港 → 西之表港",
        "role": "origin",
        "address": "指宿港 鹿児島県指宿市",
        "port_en": "Ibusuki",
        "operator": "Tanegashima High Speed",
        "region": "Osumi",
        "distance_category": "Short",
        "intermediate_stops": "",
        "notes": ""
      },
      "geometry": null
    },
    {
      "type": "Feature",
      "properties": {
        "route": "Tanegashima High Speed: 指宿港 → 西之表港",
        "role": "destination",
        "address": "西之表港 鹿児島県西之表市(種子島)",
        "port_en": "Tanegashima (Nishi)",
        "operator": "Tanegashima High Speed",
        "region": "Osumi",
        "distance_category": "Short",
        "intermediate_stops": "",
        "notes": ""
      },
      "geometry": null
    },
    {
      "type": "Feature",
      "properties": {
        "route": "Ferry Yakushima 2: 鹿児島新港 → 宮之浦港",
        "role": "origin",
        "address": "鹿児島新港 鹿児島県鹿児島市",
        "port_en": "Kagoshima (New Port)",
        "operator": "Ferry Yakushima 2",
        "region": "Osumi",
        "distance_category": "Short",
        "intermediate_stops": "",
        "notes": ""
      },
      "geometry": null
    },
    {
      "type": "Feature",
      "properties": {
        "route": "Ferry Yakushima 2: 鹿児島新港 → 宮之浦港",
        "role": "destination",
        "address": "宮之浦港 鹿児島県熊毛郡屋久島町(屋久島)",
        "port_en": "Yakushima (Miyanoura)",
        "operator": "Ferry Yakushima 2",
        "region": "Osumi",
        "distance_category": "Short",
        "intermediate_stops": "",
        "notes": ""
      },
      "geometry": null
    },
    {
      "type": "Feature",
      "properties": {
        "route": "Ferry Hibiscus: 谷山港 → 西之表港",
        "role": "origin",
        "address": "谷山港 鹿児島県鹿児島市",
        "port_en": "Kagoshima (Taniyama)",
        "operator": "Ferry Hibiscus",
        "region": "Osumi",
        "distance_category": "Short",
        "intermediate_stops": "Yakushima",
        "notes": ""
      },
      "geometry": null
    },
    {
      "type": "Feature",
      "properties": {
        "route": "Ferry Hibiscus: 谷山港 → 西之表港",
        "role": "destination",
        "address": "西之表港 鹿児島県西之表市(種子島)",
        "port_en": "Tanegashima (Nishi)",
        "operator": "Ferry Hibiscus",
        "region": "Osumi",
        "distance_category": "Short",
        "intermediate_stops": "Yakushima",
        "notes": ""
      },
      "geometry": null
    },
    {
      "type": "Feature",
      "properties": {
        "route": "Toshima Village Ferry: 鹿児島新港 → 名瀬港",
        "role": "origin",
        "address": "鹿児島新港 鹿児島県鹿児島市",
        "port_en": "Kagoshima (New Port)",
        "operator": "Toshima Village Ferry",
        "region": "Tokara",
        "distance_category": "Medium",
        "intermediate_stops": "Kuchinoshima, Nakanoshima, Suwanose, Akusekijima, Taira, Kodakara, Takarajima",
        "notes": "Ferry Toshima"
      },
      "geometry": null
    },
    {
      "type": "Feature",
      "properties": {
        "route": "Toshima Village Ferry: 鹿児島新港 → 名瀬港",
        "role": "destination",
        "address": "名瀬港 鹿児島県奄美市(奄美大島)",
        "port_en": "Amami (Naze)",
        "operator": "Toshima Village Ferry",
        "region": "Tokara",
        "distance_category": "Medium",
        "intermediate_stops": "Kuchinoshima, Nakanoshima, Suwanose, Akusekijima, Taira, Kodakara, Takarajima",
        "notes": "Ferry Toshima"
      },
      "geometry": null
    },
    {
      "type": "Feature",
      "properties": {
        "route": "Yakushima Town Ferry: 宮之浦港 → 本村港",
        "role": "origin",
        "address": "宮之浦港 鹿児島県熊毛郡屋久島町(屋久島)",
        "port_en": "Yakushima (Miyanoura)",
        "operator": "Yakushima Town Ferry",
        "region": "Osumi",
        "distance_category": "Short",
        "intermediate_stops": "",
        "notes": ""
      },
      "geometry": null
    },
    {
      "type": "Feature",
      "properties": {
        "route": "Yakushima Town Ferry: 宮之浦港 → 本村港",
        "role": "destination",
        "address": "本村港 鹿児島県熊毛郡屋久島町(口永良部島)",
        "port_en": "Kuchinoerabu",
        "operator": "Yakushima Town Ferry",
        "region": "Osumi",
        "distance_category": "Short",
        "intermediate_stops": "",
        "notes": ""
      },
      "geometry": null
    },
    {
      "type": "Feature",
      "properties": {
        "route": "Daiichi Marine Service: 泊港(とまりん) → 本部港",
        "role": "origin",
        "address": "泊港(とまりん) 沖縄県那覇市",
        "port_en": "Naha (Tomari)",
        "operator": "Daiichi Marine Service",
        "region": "Okinawa",
        "distance_category": "Short",
        "intermediate_stops": "Nago",
        "notes": ""
      },
      "geometry": null
    },
    {
      "type": "Feature",
      "properties": {
        "route": "Daiichi Marine Service: 泊港(とまりん) → 本部港",
        "role": "destination",
        "address": "本部港 沖縄県国頭郡本部町",
        "port_en": "Motobu (Toguchi)",
        "operator": "Daiichi Marine Service",
        "region": "Okinawa",
        "distance_category": "Short",
        "intermediate_stops": "Nago",
        "notes": ""
      },
      "geometry": null
    },
    {
      "type": "Feature",
      "properties": {
        "route": "Ie Village Ferry: 本部港 → 伊江港",
        "role": "origin",
        "address": "本部港 沖縄県国頭郡本部町",
        "port_en": "Motobu (Toguchi)",
        "operator": "Ie Village Ferry",
        "region": "Okinawa",
        "distance_category": "Short",
        "intermediate_stops": "",
        "notes": ""
      },
      "geometry": null
    },
    {
      "type": "Feature",
      "properties": {
        "route": "Ie Village Ferry: 本部港 → 伊江港",
        "role": "destination",
        "address": "伊江港 沖縄県国頭郡伊江村(伊江島)",
        "port_en": "Ie Island",
        "operator": "Ie Village Ferry",
        "region": "Okinawa",
        "distance_category": "Short",
        "intermediate_stops": "",
        "notes": ""
      },
      "geometry": null
    },
    {
      "type": "Feature",
      "properties": {
        "route": "Tokashiki Ferry: 泊港(とまりん) → 渡嘉敷港",
        "role": "origin",
        "address": "泊港(とまりん) 沖縄県那覇市",
        "port_en": "Naha (Tomari)",
        "operator": "Tokashiki Ferry",
        "region": "Kerama",
        "distance_category": "Short",
        "intermediate_stops": "",
        "notes": ""
      },
      "geometry": null
    },
    {
      "type": "Feature",
      "properties": {
        "route": "Tokashiki Ferry: 泊港(とまりん) → 渡嘉敷港",
        "role": "destination",
        "address": "渡嘉敷港 沖縄県島尻郡渡嘉敷村(渡嘉敷島)",
        "port_en": "Tokashiki",
        "operator": "Tokashiki Ferry",
        "region": "Kerama",
        "distance_category": "Short",
        "intermediate_stops": "",
        "notes": ""
      },
      "geometry": null
    },
    {
      "type": "Feature",
      "properties": {
        "route": "Zamami Ferry: 泊港(とまりん) → 座間味港",
        "role": "origin",
        "address": "泊港(とまりん) 沖縄県那覇市",
        "port_en": "Naha (Tomari)",
        "operator": "Zamami Ferry",
        "region": "Kerama",
        "distance_category": "Short",
        "intermediate_stops": "Aka",
        "notes": "Queen Zamami / Ferry Zamami"
      },
      "geometry": null
    },
    {
      "type": "Feature",
      "properties": {
        "route": "Zamami Ferry: 泊港(とまりん) → 座間味港",
        "role": "destination",
        "address": "座間味港 沖縄県島尻郡座間味村(座間味島)",
        "port_en": "Zamami",
        "operator": "Zamami Ferry",
        "region": "Kerama",
        "distance_category": "Short",
        "intermediate_stops": "Aka",
        "notes": "Queen Zamami / Ferry Zamami"
      },
      "geometry": null
    },
    {
      "type": "Feature",
      "properties": {
        "route": "Aguni Sonei Ferry: 泊港(とまりん) → 粟国港",
        "role": "origin",
        "address": "泊港(とまりん) 沖縄県那覇市",
        "port_en": "Naha (Tomari)",
        "operator": "Aguni Sonei Ferry",
        "region": "Okinawa",
        "distance_category": "Short",
        "intermediate_stops": "",
        "notes": ""
      },
      "geometry": null
    },
    {
      "type": "Feature",
      "properties": {
        "route": "Aguni Sonei Ferry: 泊港(とまりん) → 粟国港",
        "role": "destination",
        "address": "粟国港 沖縄県島尻郡粟国村(粟国島)",
        "port_en": "Aguni Island",
        "operator": "Aguni Sonei Ferry",
        "region": "Okinawa",
        "distance_category": "Short",
        "intermediate_stops": "",
        "notes": ""
      },
      "geometry": null
    },
    {
      "type": "Feature",
      "properties": {
        "route": "Kumejima Ferry: 泊港(とまりん) → 兼城港",
        "role": "origin",
        "address": "泊港(とまりん) 沖縄県那覇市",
        "port_en": "Naha (Tomari)",
        "operator": "Kumejima Ferry",
        "region": "Okinawa",
        "distance_category": "Short",
        "intermediate_stops": "Tonaki",
        "notes": ""
      },
      "geometry": null
    },
    {
      "type": "Feature",
      "properties": {
        "route": "Kumejima Ferry: 泊港(とまりん) → 兼城港",
        "role": "destination",
        "address": "兼城港 沖縄県島尻郡久米島町(久米島)",
        "port_en": "Kumejima (Kanegusuku)",
        "operator": "Kumejima Ferry",
        "region": "Okinawa",
        "distance_category": "Short",
        "intermediate_stops": "Tonaki",
        "notes": ""
      },
      "geometry": null
    },
    {
      "type": "Feature",
      "properties": {
        "route": "Tsuken Kaiun: 平敷屋港 → 津堅港",
        "role": "origin",
        "address": "平敷屋港 沖縄県うるま市勝連",
        "port_en": "Hashikiya (Heshikiya)",
        "operator": "Tsuken Kaiun",
        "region": "Okinawa",
        "distance_category": "Short",
        "intermediate_stops": "",
        "notes": ""
      },
      "geometry": null
    },
    {
      "type": "Feature",
      "properties": {
        "route": "Tsuken Kaiun: 平敷屋港 → 津堅港",
        "role": "destination",
        "address": "津堅港 沖縄県うるま市勝連(津堅島)",
        "port_en": "Tsuken Island",
        "operator": "Tsuken Kaiun",
        "region": "Okinawa",
        "distance_category": "Short",
        "intermediate_stops": "",
        "notes": ""
      },
      "geometry": null
    },
    {
      "type": "Feature",
      "properties": {
        "route": "Hamahiga Kaiun: 平敷屋港 → 浜比嘉港",
        "role": "origin",
        "address": "平敷屋港 沖縄県うるま市勝連",
        "port_en": "Hashikiya (Heshikiya)",
        "operator": "Hamahiga Kaiun",
        "region": "Okinawa",
        "distance_category": "Short",
        "intermediate_stops": "",
        "notes": ""
      },
      "geometry": null
    },
    {
      "type": "Feature",
      "properties": {
        "route": "Hamahiga Kaiun: 平敷屋港 → 浜比嘉港",
        "role": "destination",
        "address": "浜比嘉港 沖縄県うるま市(浜比嘉島)",
        "port_en": "Hamahiga",
        "operator": "Hamahiga Kaiun",
        "region": "Okinawa",
        "distance_category": "Short",
        "intermediate_stops": "",
        "notes": ""
      },
      "geometry": null
    },
    {
      "type": "Feature",
      "properties": {
        "route": "Kudaka Kaiun: 安座真サンサンビーチ港 → 徳仁港",
        "role": "origin",
        "address": "安座真サンサンビーチ港 沖縄県南城市知念",
        "port_en": "Azama",
        "operator": "Kudaka Kaiun",
        "region": "Okinawa",
        "distance_category": "Short",
        "intermediate_stops": "",
        "notes": ""
      },
      "geometry": null
    },
    {
      "type": "Feature",
      "properties": {
        "route": "Kudaka Kaiun: 安座真サンサンビーチ港 → 徳仁港",
        "role": "destination",
        "address": "徳仁港 沖縄県南城市知念(久高島)",
        "port_en": "Kudaka",
        "operator": "Kudaka Kaiun",
        "region": "Okinawa",
        "distance_category": "Short",
        "intermediate_stops": "",
        "notes": ""
      },
      "geometry": null
    },
    {
      "type": "Feature",
      "properties": {
        "route": "Daito Kaiun: 那覇新港 → 西港/北港/南港",
        "role": "origin",
        "address": "那覇新港 沖縄県那覇市",
        "port_en": "Naha (Shinko)",
        "operator": "Daito Kaiun",
        "region": "Daito Islands",
        "distance_category": "Long",
        "intermediate_stops": "Kitadaito",
        "notes": "Daito Maru"
      },
      "geometry": null
    },
    {
      "type": "Feature",
      "properties": {
        "route": "Daito Kaiun: 那覇新港 → 西港/北港/南港",
        "role": "destination",
        "address": "西港/北港/南港 沖縄県島尻郡南大東村(南大東島)",
        "port_en": "Minamidaito",
        "operator": "Daito Kaiun",
        "region": "Daito Islands",
        "distance_category": "Long",
        "intermediate_stops": "Kitadaito",
        "notes": "Daito Maru"
      },
      "geometry": null
    },
    {
      "type": "Feature",
      "properties": {
        "route": "Hayate Kaiun: 平良港 → 大神港",
        "role": "origin",
        "address": "平良港 沖縄県宮古島市(宮古島)",
        "port_en": "Miyakojima (Hirara)",
        "operator": "Hayate Kaiun",
        "region": "Miyako",
        "distance_category": "Short",
        "intermediate_stops": "",
        "notes": ""
      },
      "geometry": null
    },
    {
      "type": "Feature",
      "properties": {
        "route": "Hayate Kaiun: 平良港 → 大神港",
        "role": "destination",
        "address": "大神港 沖縄県宮古島市(大神島)",
        "port_en": "Ogamijima",
        "operator": "Hayate Kaiun",
        "region": "Miyako",
        "distance_category": "Short",
        "intermediate_stops": "",
        "notes": ""
      },
      "geometry": null
    },
    {
      "type": "Feature",
      "properties": {
        "route": "Tarama Ferry: 平良港 → 前泊港",
        "role": "origin",
        "address": "平良港 沖縄県宮古島市(宮古島)",
        "port_en": "Miyakojima (Hirara)",
        "operator": "Tarama Ferry",
        "region": "Miyako",
        "distance_category": "Short",
        "intermediate_stops": "",
        "notes": ""
      },
      "geometry": null
    },
    {
      "type": "Feature",
      "properties": {
        "route": "Tarama Ferry: 平良港 → 前泊港",
        "role": "destination",
        "address": "前泊港 沖縄県宮古郡多良間村(多良間島)",
        "port_en": "Tarama",
        "operator": "Tarama Ferry",
        "region": "Miyako",
        "distance_category": "Short",
        "intermediate_stops": "",
        "notes": ""
      },
      "geometry": null
    },
    {
      "type": "Feature",
      "properties": {
        "route": "Anei Kanko: 石垣港離島ターミナル → 竹富東港",
        "role": "origin",
        "address": "石垣港離島ターミナル 沖縄県石垣市(石垣島)",
        "port_en": "Ishigaki",
        "operator": "Anei Kanko",
        "region": "Yaeyama",
        "distance_category": "Short",
        "intermediate_stops": "",
        "notes": ""
      },
      "geometry": null
    },
    {
      "type": "Feature",
      "properties": {
        "route": "Anei Kanko: 石垣港離島ターミナル → 竹富東港",
        "role": "destination",
        "address": "竹富東港 沖縄県八重山郡竹富町(竹富島)",
        "port_en": "Taketomi",
        "operator": "Anei Kanko",
        "region": "Yaeyama",
        "distance_category": "Short",
        "intermediate_stops": "",
        "notes": ""
      },
      "geometry": null
    },
    {
      "type": "Feature",
      "properties": {
        "route": "Anei Kanko: 石垣港離島ターミナル → 小浜港",
        "role": "origin",
        "address": "石垣港離島ターミナル 沖縄県石垣市(石垣島)",
        "port_en": "Ishigaki",
        "operator": "Anei Kanko",
        "region": "Yaeyama",
        "distance_category": "Short",
        "intermediate_stops": "",
        "notes": ""
      },
      "geometry": null
    },
    {
      "type": "Feature",
      "properties": {
        "route": "Anei Kanko: 石垣港離島ターミナル → 小浜港",
        "role": "destination",
        "address": "小浜港 沖縄県八重山郡竹富町(小浜島)",
        "port_en": "Kohama",
        "operator": "Anei Kanko",
        "region": "Yaeyama",
        "distance_category": "Short",
        "intermediate_stops": "",
        "notes": ""
      },
      "geometry": null
    },
    {
      "type": "Feature",
      "properties": {
        "route": "Anei Kanko: 石垣港離島ターミナル → 黒島港",
        "role": "origin",
        "address": "石垣港離島ターミナル 沖縄県石垣市(石垣島)",
        "port_en": "Ishigaki",
        "operator": "Anei Kanko",
        "region": "Yaeyama",
        "distance_category": "Short",
        "intermediate_stops": "",
        "notes": ""
      },
      "geometry": null
    },
    {
      "type": "Feature",
      "properties": {
        "route": "Anei Kanko: 石垣港離島ターミナル → 黒島港",
        "role": "destination",
        "address": "黒島港 沖縄県八重山郡竹富町(黒島)",
        "port_en": "Kuroshima (Yaeyama)",
        "operator": "Anei Kanko",
        "region": "Yaeyama",
        "distance_category": "Short",
        "intermediate_stops": "",
        "notes": ""
      },
      "geometry": null
    },
    {
      "type": "Feature",
      "properties": {
        "route": "Anei Kanko: 石垣港離島ターミナル → 大原港",
        "role": "origin",
        "address": "石垣港離島ターミナル 沖縄県石垣市(石垣島)",
        "port_en": "Ishigaki",
        "operator": "Anei Kanko",
        "region": "Yaeyama",
        "distance_category": "Short",
        "intermediate_stops": "",
        "notes": ""
      },
      "geometry": null
    },
    {
      "type": "Feature",
      "properties": {
        "route": "Anei Kanko: 石垣港離島ターミナル → 大原港",
        "role": "destination",
        "address": "大原港 沖縄県八重山郡竹富町(西表島)",
        "port_en": "Iriomote (Ohara)",
        "operator": "Anei Kanko",
        "region": "Yaeyama",
        "distance_category": "Short",
        "intermediate_stops": "",
        "notes": ""
      },
      "geometry": null
    },
    {
      "type": "Feature",
      "properties": {
        "route": "Anei Kanko: 石垣港離島ターミナル → 上原港",
        "role": "origin",
        "address": "石垣港離島ターミナル 沖縄県石垣市(石垣島)",
        "port_en": "Ishigaki",
        "operator": "Anei Kanko",
        "region": "Yaeyama",
        "distance_category": "Short",
        "intermediate_stops": "",
        "notes": ""
      },
      "geometry": null
    },
    {
      "type": "Feature",
      "properties": {
        "route": "Anei Kanko: 石垣港離島ターミナル → 上原港",
        "role": "destination",
        "address": "上原港 沖縄県八重山郡竹富町(西表島)",
        "port_en": "Iriomote (Uehara)",
        "operator": "Anei Kanko",
        "region": "Yaeyama",
        "distance_category": "Short",
        "intermediate_stops": "",
        "notes": ""
      },
      "geometry": null
    },
    {
      "type": "Feature",
      "properties": {
        "route": "Anei Kanko: 石垣港離島ターミナル → 鳩間港",
        "role": "origin",
        "address": "石垣港離島ターミナル 沖縄県石垣市(石垣島)",
        "port_en": "Ishigaki",
        "operator": "Anei Kanko",
        "region": "Yaeyama",
        "distance_category": "Short",
        "intermediate_stops": "",
        "notes": ""
      },
      "geometry": null
    },
    {
      "type": "Feature",
      "properties": {
        "route": "Anei Kanko: 石垣港離島ターミナル → 鳩間港",
        "role": "destination",
        "address": "鳩間港 沖縄県八重山郡竹富町(鳩間島)",
        "port_en": "Hatoma",
        "operator": "Anei Kanko",
        "region": "Yaeyama",
        "distance_category": "Short",
        "intermediate_stops": "",
        "notes": ""
      },
      "geometry": null
    },
    {
      "type": "Feature",
      "properties": {
        "route": "Anei Kanko: 石垣港離島ターミナル → 波照間港",
        "role": "origin",
        "address": "石垣港離島ターミナル 沖縄県石垣市(石垣島)",
        "port_en": "Ishigaki",
        "operator": "Anei Kanko",
        "region": "Yaeyama",
        "distance_category": "Short",
        "intermediate_stops": "",
        "notes": ""
      },
      "geometry": null
    },
    {
      "type": "Feature",
      "properties": {
        "route": "Anei Kanko: 石垣港離島ターミナル → 波照間港",
        "role": "destination",
        "address": "波照間港 沖縄県八重山郡竹富町(波照間島)",
        "port_en": "Hateruma",
        "operator": "Anei Kanko",
        "region": "Yaeyama",
        "distance_category": "Short",
        "intermediate_stops": "",
        "notes": ""
      },
      "geometry": null
    },
    {
      "type": "Feature",
      "properties": {
        "route": "Yaeyama Kanko Ferry: 石垣港離島ターミナル → 竹富東港",
        "role": "origin",
        "address": "石垣港離島ターミナル 沖縄県石垣市(石垣島)",
        "port_en": "Ishigaki",
        "operator": "Yaeyama Kanko Ferry",
        "region": "Yaeyama",
        "distance_category": "Short",
        "intermediate_stops": "",
        "notes": ""
      },
      "geometry": null
    },
    {
      "type": "Feature",
      "properties": {
        "route": "Yaeyama Kanko Ferry: 石垣港離島ターミナル → 竹富東港",
        "role": "destination",
        "address": "竹富東港 沖縄県八重山郡竹富町(竹富島)",
        "port_en": "Taketomi",
        "operator": "Yaeyama Kanko Ferry",
        "region": "Yaeyama",
        "distance_category": "Short",
        "intermediate_stops": "",
        "notes": ""
      },
      "geometry": null
    },
    {
      "type": "Feature",
      "properties": {
        "route": "Yaeyama Kanko Ferry: 石垣港離島ターミナル → 大原港",
        "role": "origin",
        "address": "石垣港離島ターミナル 沖縄県石垣市(石垣島)",
        "port_en": "Ishigaki",
        "operator": "Yaeyama Kanko Ferry",
        "region": "Yaeyama",
        "distance_category": "Short",
        "intermediate_stops": "",
        "notes": ""
      },
      "geometry": null
    },
    {
      "type": "Feature",
      "properties": {
        "route": "Yaeyama Kanko Ferry: 石垣港離島ターミナル → 大原港",
        "role": "destination",
        "address": "大原港 沖縄県八重山郡竹富町(西表島)",
        "port_en": "Iriomote (Ohara)",
        "operator": "Yaeyama Kanko Ferry",
        "region": "Yaeyama",
        "distance_category": "Short",
        "intermediate_stops": "",
        "notes": ""
      },
      "geometry": null
    },
    {
      "type": "Feature",
      "properties": {
        "route": "Yaeyama Kanko Ferry: 石垣港離島ターミナル → 上原港",
        "role": "origin",
        "address": "石垣港離島ターミナル 沖縄県石垣市(石垣島)",
        "port_en": "Ishigaki",
        "operator": "Yaeyama Kanko Ferry",
        "region": "Yaeyama",
        "distance_category": "Short",
        "intermediate_stops": "",
        "notes": ""
      },
      "geometry": null
    },
    {
      "type": "Feature",
      "properties": {
        "route": "Yaeyama Kanko Ferry: 石垣港離島ターミナル → 上原港",
        "role": "destination",
        "address": "上原港 沖縄県八重山郡竹富町(西表島)",
        "port_en": "Iriomote (Uehara)",
        "operator": "Yaeyama Kanko Ferry",
        "region": "Yaeyama",
        "distance_category": "Short",
        "intermediate_stops": "",
        "notes": ""
      },
      "geometry": null
    },
    {
      "type": "Feature",
      "properties": {
        "route": "Ishigaki Dream Tourism: 石垣港離島ターミナル → 竹富東港",
        "role": "origin",
        "address": "石垣港離島ターミナル 沖縄県石垣市(石垣島)",
        "port_en": "Ishigaki",
        "operator": "Ishigaki Dream Tourism",
        "region": "Yaeyama",
        "distance_category": "Short",
        "intermediate_stops": "",
        "notes": ""
      },
      "geometry": null
    },
    {
      "type": "Feature",
      "properties": {
        "route": "Ishigaki Dream Tourism: 石垣港離島ターミナル → 竹富東港",
        "role": "destination",
        "address": "竹富東港 沖縄県八重山郡竹富町(竹富島)",
        "port_en": "Taketomi",
        "operator": "Ishigaki Dream Tourism",
        "region": "Yaeyama",
        "distance_category": "Short",
        "intermediate_stops": "",
        "notes": ""
      },
      "geometry": null
    },
    {
      "type": "Feature",
      "properties": {
        "route": "Ishigaki Dream Tourism: 石垣港離島ターミナル → 大原港",
        "role": "origin",
        "address": "石垣港離島ターミナル 沖縄県石垣市(石垣島)",
        "port_en": "Ishigaki",
        "operator": "Ishigaki Dream Tourism",
        "region": "Yaeyama",
        "distance_category": "Short",
        "intermediate_stops": "",
        "notes": ""
      },
      "geometry": null
    },
    {
      "type": "Feature",
      "properties": {
        "route": "Ishigaki Dream Tourism: 石垣港離島ターミナル → 大原港",
        "role": "destination",
        "address": "大原港 沖縄県八重山郡竹富町(西表島)",
        "port_en": "Iriomote (Ohara)",
        "operator": "Ishigaki Dream Tourism",
        "region": "Yaeyama",
        "distance_category": "Short",
        "intermediate_stops": "",
        "notes": ""
      },
      "geometry": null
    },
    {
      "type": "Feature",
      "properties": {
        "route": "Funauki Kaiun: 白浜港 → 船浮港",
        "role": "origin",
        "address": "白浜港 沖縄県八重山郡竹富町(西表島)",
        "port_en": "Shirahama (Iriomote)",
        "operator": "Funauki Kaiun",
        "region": "Yaeyama",
        "distance_category": "Short",
        "intermediate_stops": "",
        "notes": ""
      },
      "geometry": null
    },
    {
      "type": "Feature",
      "properties": {
        "route": "Funauki Kaiun: 白浜港 → 船浮港",
        "role": "destination",
        "address": "船浮港 沖縄県八重山郡竹富町(西表島)",
        "port_en": "Iriomote (Funauki)",
        "operator": "Funauki Kaiun",
        "region": "Yaeyama",
        "distance_category": "Short",
        "intermediate_stops": "",
        "notes": ""
      },
      "geometry": null
    },
    {
      "type": "Feature",
      "properties": {
        "route": "Fukuyama Kaiun: 石垣港離島ターミナル → 久部良港",
        "role": "origin",
        "address": "石垣港離島ターミナル 沖縄県石垣市(石垣島)",
        "port_en": "Ishigaki",
        "operator": "Fukuyama Kaiun",
        "region": "Yaeyama",
        "distance_category": "Short",
        "intermediate_stops": "",
        "notes": "Ferry Yonakuni"
      },
      "geometry": null
    },
    {
      "type": "Feature",
      "properties": {
        "route": "Fukuyama Kaiun: 石垣港離島ターミナル → 久部良港",
        "role": "destination",
        "address": "久部良港 沖縄県八重山郡与那国町(与那国島)",
        "port_en": "Yonaguni (Kubura)",
        "operator": "Fukuyama Kaiun",
        "region": "Yaeyama",
        "distance_category": "Short",
        "intermediate_stops": "",
        "notes": "Ferry Yonakuni"
      },
      "geometry": null
    }
  ]
}